-- MySQL dump 10.13  Distrib 9.1.0, for Win64 (x86_64)
--
-- Host: localhost    Database: dframe_invt2
-- ------------------------------------------------------
-- Server version	9.1.0

/*!40101 SET @OLD_CHARACTER_SET_CLIENT=@@CHARACTER_SET_CLIENT */;
/*!40101 SET @OLD_CHARACTER_SET_RESULTS=@@CHARACTER_SET_RESULTS */;
/*!40101 SET @OLD_COLLATION_CONNECTION=@@COLLATION_CONNECTION */;
/*!50503 SET NAMES cp932 */;
/*!40103 SET @OLD_TIME_ZONE=@@TIME_ZONE */;
/*!40103 SET TIME_ZONE='+00:00' */;
/*!40014 SET @OLD_UNIQUE_CHECKS=@@UNIQUE_CHECKS, UNIQUE_CHECKS=0 */;
/*!40014 SET @OLD_FOREIGN_KEY_CHECKS=@@FOREIGN_KEY_CHECKS, FOREIGN_KEY_CHECKS=0 */;
/*!40101 SET @OLD_SQL_MODE=@@SQL_MODE, SQL_MODE='NO_AUTO_VALUE_ON_ZERO' */;
/*!40111 SET @OLD_SQL_NOTES=@@SQL_NOTES, SQL_NOTES=0 */;

--
-- Temporary view structure for view `__app_object_v`
--

DROP TABLE IF EXISTS `__app_object_v`;
/*!50001 DROP VIEW IF EXISTS `__app_object_v`*/;
SET @saved_cs_client     = @@character_set_client;
/*!50503 SET character_set_client = utf8mb4 */;
/*!50001 CREATE VIEW `__app_object_v` AS SELECT 
 1 AS `id`,
 1 AS `name`*/;
SET character_set_client = @saved_cs_client;

--
-- Temporary view structure for view `__formcolms_v`
--

DROP TABLE IF EXISTS `__formcolms_v`;
/*!50001 DROP VIEW IF EXISTS `__formcolms_v`*/;
SET @saved_cs_client     = @@character_set_client;
/*!50503 SET character_set_client = utf8mb4 */;
/*!50001 CREATE VIEW `__formcolms_v` AS SELECT 
 1 AS `objectID`,
 1 AS `accountID`,
 1 AS `id`,
 1 AS `position`,
 1 AS `name`,
 1 AS `title`,
 1 AS `dataType`,
 1 AS `defaultExpression`,
 1 AS `numOfLines`,
 1 AS `baseTable`,
 1 AS `slctStyle`,
 1 AS `cmbKeyFldNm`,
 1 AS `cmbStrainObjNm`,
 1 AS `derivedTerm`,
 1 AS `foreignObjectID`,
 1 AS `foreignKeyFldNm`,
 1 AS `width`,
 1 AS `height`,
 1 AS `isMasterObject`,
 1 AS `isBulkSearchField`,
 1 AS `isMultiSelect`,
 1 AS `isVisible`,
 1 AS `isReadOnly`,
 1 AS `isNotNull`,
 1 AS `description`,
 1 AS `defaultViewID`,
 1 AS `seq`,
 1 AS `numOfColms`*/;
SET character_set_client = @saved_cs_client;

--
-- Temporary view structure for view `__formdata_v`
--

DROP TABLE IF EXISTS `__formdata_v`;
/*!50001 DROP VIEW IF EXISTS `__formdata_v`*/;
SET @saved_cs_client     = @@character_set_client;
/*!50503 SET character_set_client = utf8mb4 */;
/*!50001 CREATE VIEW `__formdata_v` AS SELECT 
 1 AS `objectID`,
 1 AS `name`,
 1 AS `title`,
 1 AS `dataType`,
 1 AS `defaultExpression`,
 1 AS `steppedTerm`,
 1 AS `derivedTerm`,
 1 AS `cmbStrainObjNm`,
 1 AS `cmbKeyFldNm`,
 1 AS `foreignObjectNm`,
 1 AS `isMultiSelect`,
 1 AS `foreignObjAlias`,
 1 AS `foreignKeyFldNm`,
 1 AS `isMasterObject`,
 1 AS `from`,
 1 AS `dbName`,
 1 AS `bulkSearch`,
 1 AS `dataLength`,
 1 AS `defaultViewID`,
 1 AS `seq`,
 1 AS `seq_order_by`*/;
SET character_set_client = @saved_cs_client;

--
-- Temporary view structure for view `__formlinkage_v`
--

DROP TABLE IF EXISTS `__formlinkage_v`;
/*!50001 DROP VIEW IF EXISTS `__formlinkage_v`*/;
SET @saved_cs_client     = @@character_set_client;
/*!50503 SET character_set_client = utf8mb4 */;
/*!50001 CREATE VIEW `__formlinkage_v` AS SELECT 
 1 AS `objectID`,
 1 AS `reportID`,
 1 AS `RecordTypeID`,
 1 AS `objName`,
 1 AS `caption`,
 1 AS `scope`,
 1 AS `childObjID`,
 1 AS `childObjNm`,
 1 AS `childObjTitle`,
 1 AS `seq`*/;
SET character_set_client = @saved_cs_client;

--
-- Temporary view structure for view `__formprpty_v`
--

DROP TABLE IF EXISTS `__formprpty_v`;
/*!50001 DROP VIEW IF EXISTS `__formprpty_v`*/;
SET @saved_cs_client     = @@character_set_client;
/*!50503 SET character_set_client = utf8mb4 */;
/*!50001 CREATE VIEW `__formprpty_v` AS SELECT 
 1 AS `accountID`,
 1 AS `id`,
 1 AS `appNm`,
 1 AS `numOfColms`,
 1 AS `maxLinesInPage`,
 1 AS `name`,
 1 AS `runningType`,
 1 AS `title`,
 1 AS `isAccessible`,
 1 AS `masterObjectID`,
 1 AS `triggerNm`,
 1 AS `bulkSourceObjectID`,
 1 AS `descriptions`*/;
SET character_set_client = @saved_cs_client;

--
-- Table structure for table `__list_view`
--

DROP TABLE IF EXISTS `__list_view`;
/*!40101 SET @saved_cs_client     = @@character_set_client */;
/*!50503 SET character_set_client = utf8mb4 */;
CREATE TABLE `__list_view` (
  `id` int NOT NULL AUTO_INCREMENT,
  `name` mediumtext,
  `objectID` int DEFAULT NULL,
  `isSystemUse` tinyint DEFAULT '0',
  `uprObjID` int DEFAULT NULL,
  `strOrderBy` mediumtext,
  `seq` int DEFAULT NULL,
  `modifiedBy` int DEFAULT NULL,
  `modifiedAt` datetime DEFAULT CURRENT_TIMESTAMP ON UPDATE CURRENT_TIMESTAMP,
  `createdAt` datetime DEFAULT CURRENT_TIMESTAMP,
  PRIMARY KEY (`id`),
  KEY `objectID_idx` (`objectID`)
) ENGINE=InnoDB AUTO_INCREMENT=1134 DEFAULT CHARSET=utf8mb3;
/*!40101 SET character_set_client = @saved_cs_client */;

--
-- Dumping data for table `__list_view`
--

LOCK TABLES `__list_view` WRITE;
/*!40000 ALTER TABLE `__list_view` DISABLE KEYS */;
INSERT INTO `__list_view` VALUES (101,'_',1,0,NULL,NULL,NULL,NULL,'2025-02-02 10:09:28','2025-02-02 10:09:28'),(1105,'WHITE',245,0,NULL,NULL,NULL,1,'2025-01-31 14:57:35','2025-01-31 14:57:35'),(1106,'WHITE',246,0,NULL,NULL,NULL,1,'2025-01-31 14:59:07','2025-01-31 14:59:07'),(1107,'Stock Out',247,0,NULL,NULL,NULL,1,'2025-02-01 11:00:52','2025-02-01 11:00:52'),(1108,'Dead stock items',247,0,NULL,NULL,NULL,1,'2025-02-01 11:36:25','2025-02-01 11:01:59'),(1111,'BLANCH',247,0,NULL,NULL,NULL,1,'2025-02-03 09:39:08','2025-02-02 08:59:10'),(1112,'FUKAMI',245,0,NULL,NULL,NULL,1,'2025-02-02 15:29:09','2025-02-02 15:29:09'),(1113,'BLANCH',245,0,NULL,NULL,NULL,1,'2025-02-03 09:38:11','2025-02-02 15:33:53'),(1114,'Milk',245,0,NULL,NULL,NULL,1,'2025-02-02 15:38:51','2025-02-02 15:38:51'),(1115,'BLUNCH',246,0,NULL,NULL,NULL,1,'2025-02-03 09:27:44','2025-02-03 09:27:44'),(1116,'BLANCH',252,0,NULL,NULL,NULL,1,'2025-02-03 09:40:22','2025-02-03 09:40:22'),(1117,'WHITE  Future',252,0,NULL,NULL,NULL,1,'2025-02-03 13:56:43','2025-02-03 09:42:44'),(1118,'納入遅れ？',246,0,NULL,NULL,NULL,1,'2025-02-03 13:44:48','2025-02-03 13:44:48'),(1119,'本日出庫予定',245,0,NULL,NULL,NULL,1,'2025-02-03 13:59:16','2025-02-03 13:59:16'),(1120,'メロン',254,0,NULL,NULL,99,1,'2025-02-08 16:23:03','2025-02-08 14:21:44'),(1122,'_',254,0,NULL,NULL,NULL,1,'2025-02-08 15:01:55','2025-02-08 15:01:55'),(1123,'メロン特選',247,0,NULL,NULL,NULL,1,'2025-02-09 09:22:21','2025-02-09 09:22:21'),(1124,'メロン特選',254,0,NULL,NULL,NULL,1,'2025-02-09 11:20:31','2025-02-09 11:20:31'),(1125,'カテゴリ',12,1,NULL,NULL,NULL,1,'2025-02-11 10:11:16','2025-02-11 09:16:33'),(1126,'_',244,0,NULL,NULL,NULL,1,'2025-02-11 10:33:25','2025-02-11 10:33:25'),(1127,'_',246,0,NULL,NULL,NULL,1,'2025-02-11 11:07:06','2025-02-11 11:07:06'),(1128,'_',245,0,NULL,NULL,NULL,1,'2025-02-11 11:23:28','2025-02-11 11:23:28'),(1129,'メロン',245,0,NULL,NULL,NULL,1,'2025-02-11 11:57:24','2025-02-11 11:57:24'),(1130,'メロン',246,0,NULL,NULL,NULL,1,'2025-02-11 12:00:32','2025-02-11 12:00:32'),(1131,'りんご',247,0,NULL,NULL,NULL,1,'2025-02-12 17:00:21','2025-02-12 17:00:21'),(1132,'_',255,0,NULL,NULL,NULL,1,'2025-02-16 09:56:51','2025-02-16 09:56:51'),(1133,'HomePage_position',244,0,NULL,NULL,NULL,1,'2025-02-17 09:56:05','2025-02-17 09:56:05');
/*!40000 ALTER TABLE `__list_view` ENABLE KEYS */;
UNLOCK TABLES;

--
-- Table structure for table `__list_view_field`
--

DROP TABLE IF EXISTS `__list_view_field`;
/*!40101 SET @saved_cs_client     = @@character_set_client */;
/*!50503 SET character_set_client = utf8mb4 */;
CREATE TABLE `__list_view_field` (
  `id` int NOT NULL AUTO_INCREMENT,
  `listViewID` int DEFAULT NULL,
  `objectFieldID` int DEFAULT NULL,
  `seq` int DEFAULT NULL,
  `modifiedBy` int DEFAULT NULL,
  `modifiedAt` datetime DEFAULT CURRENT_TIMESTAMP,
  `createdAt` datetime DEFAULT CURRENT_TIMESTAMP,
  PRIMARY KEY (`id`),
  KEY `fk_list_view_ifkd_dx` (`listViewID`),
  CONSTRAINT `fk_list_view` FOREIGN KEY (`listViewID`) REFERENCES `__list_view` (`id`) ON DELETE CASCADE ON UPDATE CASCADE
) ENGINE=InnoDB AUTO_INCREMENT=1523 DEFAULT CHARSET=utf8mb3;
/*!40101 SET character_set_client = @saved_cs_client */;

--
-- Dumping data for table `__list_view_field`
--

LOCK TABLES `__list_view_field` WRITE;
/*!40000 ALTER TABLE `__list_view_field` DISABLE KEYS */;
INSERT INTO `__list_view_field` VALUES (1043,1106,3742,NULL,NULL,'2025-01-31 14:59:07','2025-01-31 14:59:07'),(1044,1106,3744,NULL,NULL,'2025-01-31 14:59:07','2025-01-31 14:59:07'),(1045,1106,3745,NULL,NULL,'2025-01-31 14:59:07','2025-01-31 14:59:07'),(1046,1106,3747,NULL,NULL,'2025-01-31 14:59:07','2025-01-31 14:59:07'),(1181,101,3,NULL,NULL,'2025-02-02 10:10:20','2025-02-02 10:10:20'),(1182,101,6,NULL,NULL,'2025-02-02 10:10:20','2025-02-02 10:10:20'),(1183,1105,3736,NULL,NULL,'2025-02-02 14:58:45','2025-02-02 14:58:45'),(1184,1105,3738,NULL,NULL,'2025-02-02 14:58:45','2025-02-02 14:58:45'),(1185,1105,3739,NULL,NULL,'2025-02-02 14:58:45','2025-02-02 14:58:45'),(1186,1112,3735,NULL,NULL,'2025-02-02 15:29:09','2025-02-02 15:29:09'),(1187,1112,3736,NULL,NULL,'2025-02-02 15:29:09','2025-02-02 15:29:09'),(1188,1112,3738,NULL,NULL,'2025-02-02 15:29:09','2025-02-02 15:29:09'),(1189,1112,3739,NULL,NULL,'2025-02-02 15:29:09','2025-02-02 15:29:09'),(1190,1112,3746,NULL,NULL,'2025-02-02 15:29:09','2025-02-02 15:29:09'),(1191,1112,3785,NULL,NULL,'2025-02-02 15:29:09','2025-02-02 15:29:09'),(1200,1114,3735,NULL,NULL,'2025-02-02 15:38:51','2025-02-02 15:38:51'),(1201,1114,3736,NULL,NULL,'2025-02-02 15:38:51','2025-02-02 15:38:51'),(1202,1114,3738,NULL,NULL,'2025-02-02 15:38:51','2025-02-02 15:38:51'),(1203,1114,3739,NULL,NULL,'2025-02-02 15:38:51','2025-02-02 15:38:51'),(1204,1114,3746,NULL,NULL,'2025-02-02 15:38:51','2025-02-02 15:38:51'),(1205,1114,3785,NULL,NULL,'2025-02-02 15:38:51','2025-02-02 15:38:51'),(1221,1115,3741,NULL,NULL,'2025-02-03 09:28:25','2025-02-03 09:28:25'),(1222,1115,3742,NULL,NULL,'2025-02-03 09:28:25','2025-02-03 09:28:25'),(1223,1115,3744,NULL,NULL,'2025-02-03 09:28:25','2025-02-03 09:28:25'),(1224,1115,3745,NULL,NULL,'2025-02-03 09:28:25','2025-02-03 09:28:25'),(1225,1115,3747,NULL,NULL,'2025-02-03 09:28:25','2025-02-03 09:28:25'),(1228,1107,3769,NULL,NULL,'2025-02-03 09:31:51','2025-02-03 09:31:51'),(1229,1107,3770,NULL,NULL,'2025-02-03 09:31:51','2025-02-03 09:31:51'),(1230,1107,3771,NULL,NULL,'2025-02-03 09:31:51','2025-02-03 09:31:51'),(1231,1107,3772,NULL,NULL,'2025-02-03 09:31:51','2025-02-03 09:31:51'),(1232,1107,3773,NULL,NULL,'2025-02-03 09:31:51','2025-02-03 09:31:51'),(1233,1107,3774,NULL,NULL,'2025-02-03 09:31:51','2025-02-03 09:31:51'),(1234,1107,3775,NULL,NULL,'2025-02-03 09:31:51','2025-02-03 09:31:51'),(1235,1107,3776,NULL,NULL,'2025-02-03 09:31:51','2025-02-03 09:31:51'),(1236,1107,3777,NULL,NULL,'2025-02-03 09:31:51','2025-02-03 09:31:51'),(1250,1113,3735,NULL,NULL,'2025-02-03 09:38:11','2025-02-03 09:38:11'),(1251,1113,3736,NULL,NULL,'2025-02-03 09:38:11','2025-02-03 09:38:11'),(1252,1113,3738,NULL,NULL,'2025-02-03 09:38:11','2025-02-03 09:38:11'),(1253,1113,3739,NULL,NULL,'2025-02-03 09:38:11','2025-02-03 09:38:11'),(1254,1113,3746,NULL,NULL,'2025-02-03 09:38:11','2025-02-03 09:38:11'),(1255,1113,3785,NULL,NULL,'2025-02-03 09:38:11','2025-02-03 09:38:11'),(1257,1111,3769,NULL,NULL,'2025-02-03 09:39:08','2025-02-03 09:39:08'),(1258,1111,3770,NULL,NULL,'2025-02-03 09:39:08','2025-02-03 09:39:08'),(1259,1111,3771,NULL,NULL,'2025-02-03 09:39:08','2025-02-03 09:39:08'),(1260,1111,3772,NULL,NULL,'2025-02-03 09:39:08','2025-02-03 09:39:08'),(1261,1111,3773,NULL,NULL,'2025-02-03 09:39:08','2025-02-03 09:39:08'),(1264,1116,3782,NULL,NULL,'2025-02-03 09:40:22','2025-02-03 09:40:22'),(1265,1116,3783,NULL,NULL,'2025-02-03 09:40:22','2025-02-03 09:40:22'),(1266,1116,3784,NULL,NULL,'2025-02-03 09:40:22','2025-02-03 09:40:22'),(1267,1116,3786,NULL,NULL,'2025-02-03 09:40:22','2025-02-03 09:40:22'),(1278,1118,3741,NULL,NULL,'2025-02-03 13:44:48','2025-02-03 13:44:48'),(1279,1118,3742,NULL,NULL,'2025-02-03 13:44:48','2025-02-03 13:44:48'),(1280,1118,3744,NULL,NULL,'2025-02-03 13:44:48','2025-02-03 13:44:48'),(1281,1118,3745,NULL,NULL,'2025-02-03 13:44:48','2025-02-03 13:44:48'),(1285,1117,3782,NULL,NULL,'2025-02-03 13:56:43','2025-02-03 13:56:43'),(1286,1117,3783,NULL,NULL,'2025-02-03 13:56:43','2025-02-03 13:56:43'),(1287,1117,3784,NULL,NULL,'2025-02-03 13:56:43','2025-02-03 13:56:43'),(1288,1117,3786,NULL,NULL,'2025-02-03 13:56:43','2025-02-03 13:56:43'),(1292,1119,3735,NULL,NULL,'2025-02-03 13:59:16','2025-02-03 13:59:16'),(1293,1119,3736,NULL,NULL,'2025-02-03 13:59:16','2025-02-03 13:59:16'),(1294,1119,3738,NULL,NULL,'2025-02-03 13:59:16','2025-02-03 13:59:16'),(1295,1119,3785,NULL,NULL,'2025-02-03 13:59:16','2025-02-03 13:59:16'),(1306,1108,3769,NULL,NULL,'2025-02-04 10:11:18','2025-02-04 10:11:18'),(1307,1108,3770,NULL,NULL,'2025-02-04 10:11:18','2025-02-04 10:11:18'),(1308,1108,3771,NULL,NULL,'2025-02-04 10:11:18','2025-02-04 10:11:18'),(1309,1108,3772,NULL,NULL,'2025-02-04 10:11:18','2025-02-04 10:11:18'),(1310,1108,3773,NULL,NULL,'2025-02-04 10:11:18','2025-02-04 10:11:18'),(1311,1108,3774,NULL,NULL,'2025-02-04 10:11:18','2025-02-04 10:11:18'),(1327,1122,3811,NULL,NULL,'2025-02-08 15:01:55','2025-02-08 15:01:55'),(1328,1122,3812,NULL,NULL,'2025-02-08 15:01:55','2025-02-08 15:01:55'),(1329,1122,3813,NULL,NULL,'2025-02-08 15:01:55','2025-02-08 15:01:55'),(1330,1122,3814,NULL,NULL,'2025-02-08 15:01:55','2025-02-08 15:01:55'),(1331,1122,3815,NULL,NULL,'2025-02-08 15:01:55','2025-02-08 15:01:55'),(1332,1122,3816,NULL,NULL,'2025-02-08 15:01:55','2025-02-08 15:01:55'),(1385,1125,110,NULL,NULL,'2025-02-11 09:16:33','2025-02-11 09:16:33'),(1386,1125,111,NULL,NULL,'2025-02-11 09:16:33','2025-02-11 09:16:33'),(1387,1125,112,NULL,NULL,'2025-02-11 09:16:33','2025-02-11 09:16:33'),(1388,1125,113,NULL,NULL,'2025-02-11 09:16:33','2025-02-11 09:16:33'),(1407,1127,3741,NULL,NULL,'2025-02-11 11:07:06','2025-02-11 11:07:06'),(1408,1127,3742,NULL,NULL,'2025-02-11 11:07:06','2025-02-11 11:07:06'),(1409,1127,3744,NULL,NULL,'2025-02-11 11:07:06','2025-02-11 11:07:06'),(1410,1127,3745,NULL,NULL,'2025-02-11 11:07:06','2025-02-11 11:07:06'),(1411,1127,3747,NULL,NULL,'2025-02-11 11:07:06','2025-02-11 11:07:06'),(1412,1127,3791,NULL,NULL,'2025-02-11 11:07:06','2025-02-11 11:07:06'),(1413,1127,3822,NULL,NULL,'2025-02-11 11:07:06','2025-02-11 11:07:06'),(1414,1128,3735,NULL,NULL,'2025-02-11 11:23:28','2025-02-11 11:23:28'),(1415,1128,3736,NULL,NULL,'2025-02-11 11:23:28','2025-02-11 11:23:28'),(1416,1128,3738,NULL,NULL,'2025-02-11 11:23:28','2025-02-11 11:23:28'),(1417,1128,3739,NULL,NULL,'2025-02-11 11:23:28','2025-02-11 11:23:28'),(1418,1128,3746,NULL,NULL,'2025-02-11 11:23:28','2025-02-11 11:23:28'),(1419,1128,3785,NULL,NULL,'2025-02-11 11:23:28','2025-02-11 11:23:28'),(1421,1129,3735,NULL,NULL,'2025-02-11 11:57:24','2025-02-11 11:57:24'),(1422,1129,3736,NULL,NULL,'2025-02-11 11:57:24','2025-02-11 11:57:24'),(1423,1129,3738,NULL,NULL,'2025-02-11 11:57:24','2025-02-11 11:57:24'),(1424,1129,3739,NULL,NULL,'2025-02-11 11:57:24','2025-02-11 11:57:24'),(1425,1129,3746,NULL,NULL,'2025-02-11 11:57:24','2025-02-11 11:57:24'),(1426,1129,3785,NULL,NULL,'2025-02-11 11:57:24','2025-02-11 11:57:24'),(1428,1130,3741,NULL,NULL,'2025-02-11 12:00:32','2025-02-11 12:00:32'),(1429,1130,3742,NULL,NULL,'2025-02-11 12:00:32','2025-02-11 12:00:32'),(1430,1130,3744,NULL,NULL,'2025-02-11 12:00:32','2025-02-11 12:00:32'),(1431,1130,3745,NULL,NULL,'2025-02-11 12:00:32','2025-02-11 12:00:32'),(1432,1130,3747,NULL,NULL,'2025-02-11 12:00:32','2025-02-11 12:00:32'),(1433,1130,3791,NULL,NULL,'2025-02-11 12:00:32','2025-02-11 12:00:32'),(1434,1130,3822,NULL,NULL,'2025-02-11 12:00:32','2025-02-11 12:00:32'),(1435,1130,3823,NULL,NULL,'2025-02-11 12:00:32','2025-02-11 12:00:32'),(1443,1124,3812,NULL,NULL,'2025-02-11 15:29:01','2025-02-11 15:29:01'),(1444,1124,3813,NULL,NULL,'2025-02-11 15:29:01','2025-02-11 15:29:01'),(1445,1124,3814,NULL,NULL,'2025-02-11 15:29:01','2025-02-11 15:29:01'),(1446,1124,3815,NULL,NULL,'2025-02-11 15:29:01','2025-02-11 15:29:01'),(1447,1124,3816,NULL,NULL,'2025-02-11 15:29:01','2025-02-11 15:29:01'),(1448,1124,3818,NULL,NULL,'2025-02-11 15:29:01','2025-02-11 15:29:01'),(1449,1124,3828,NULL,NULL,'2025-02-11 15:29:01','2025-02-11 15:29:01'),(1450,1123,3769,NULL,NULL,'2025-02-12 16:59:45','2025-02-12 16:59:45'),(1451,1123,3770,NULL,NULL,'2025-02-12 16:59:45','2025-02-12 16:59:45'),(1452,1123,3771,NULL,NULL,'2025-02-12 16:59:45','2025-02-12 16:59:45'),(1453,1123,3772,NULL,NULL,'2025-02-12 16:59:45','2025-02-12 16:59:45'),(1454,1123,3773,NULL,NULL,'2025-02-12 16:59:45','2025-02-12 16:59:45'),(1455,1123,3774,NULL,NULL,'2025-02-12 16:59:45','2025-02-12 16:59:45'),(1456,1123,3775,NULL,NULL,'2025-02-12 16:59:45','2025-02-12 16:59:45'),(1457,1123,3776,NULL,NULL,'2025-02-12 16:59:45','2025-02-12 16:59:45'),(1458,1123,3777,NULL,NULL,'2025-02-12 16:59:45','2025-02-12 16:59:45'),(1459,1123,3778,NULL,NULL,'2025-02-12 16:59:45','2025-02-12 16:59:45'),(1460,1123,3824,NULL,NULL,'2025-02-12 16:59:45','2025-02-12 16:59:45'),(1465,1131,3769,NULL,NULL,'2025-02-12 17:00:21','2025-02-12 17:00:21'),(1466,1131,3770,NULL,NULL,'2025-02-12 17:00:21','2025-02-12 17:00:21'),(1467,1131,3771,NULL,NULL,'2025-02-12 17:00:21','2025-02-12 17:00:21'),(1468,1131,3772,NULL,NULL,'2025-02-12 17:00:21','2025-02-12 17:00:21'),(1478,1120,3812,NULL,NULL,'2025-02-12 17:02:20','2025-02-12 17:02:20'),(1479,1120,3813,NULL,NULL,'2025-02-12 17:02:20','2025-02-12 17:02:20'),(1480,1120,3814,NULL,NULL,'2025-02-12 17:02:20','2025-02-12 17:02:20'),(1481,1120,3815,NULL,NULL,'2025-02-12 17:02:20','2025-02-12 17:02:20'),(1482,1120,3818,NULL,NULL,'2025-02-12 17:02:20','2025-02-12 17:02:20'),(1483,1120,3828,NULL,NULL,'2025-02-12 17:02:20','2025-02-12 17:02:20'),(1506,1132,3835,NULL,NULL,'2025-02-17 11:19:17','2025-02-17 11:19:17'),(1507,1132,3836,NULL,NULL,'2025-02-17 11:19:17','2025-02-17 11:19:17'),(1508,1132,3837,NULL,NULL,'2025-02-17 11:19:17','2025-02-17 11:19:17'),(1509,1126,3730,NULL,NULL,'2025-02-22 15:09:50','2025-02-22 15:09:50'),(1510,1126,3731,NULL,NULL,'2025-02-22 15:09:50','2025-02-22 15:09:50'),(1511,1126,3733,NULL,NULL,'2025-02-22 15:09:50','2025-02-22 15:09:50'),(1512,1126,3792,NULL,NULL,'2025-02-22 15:09:50','2025-02-22 15:09:50'),(1513,1126,3821,NULL,NULL,'2025-02-22 15:09:50','2025-02-22 15:09:50'),(1514,1126,3849,NULL,NULL,'2025-02-22 15:09:50','2025-02-22 15:09:50'),(1519,1133,3730,NULL,NULL,'2025-02-24 14:29:23','2025-02-24 14:29:23'),(1520,1133,3843,NULL,NULL,'2025-02-24 14:29:23','2025-02-24 14:29:23'),(1521,1133,3844,NULL,NULL,'2025-02-24 14:29:23','2025-02-24 14:29:23'),(1522,1133,3849,NULL,NULL,'2025-02-24 14:29:23','2025-02-24 14:29:23');
/*!40000 ALTER TABLE `__list_view_field` ENABLE KEYS */;
UNLOCK TABLES;

--
-- Temporary view structure for view `__list_view_field_v`
--

DROP TABLE IF EXISTS `__list_view_field_v`;
/*!50001 DROP VIEW IF EXISTS `__list_view_field_v`*/;
SET @saved_cs_client     = @@character_set_client;
/*!50503 SET character_set_client = utf8mb4 */;
/*!50001 CREATE VIEW `__list_view_field_v` AS SELECT 
 1 AS `id`,
 1 AS `listViewID`,
 1 AS `objectFieldID`,
 1 AS `seq`,
 1 AS `modifiedBy`,
 1 AS `modifiedAt`,
 1 AS `createdAt`*/;
SET character_set_client = @saved_cs_client;

--
-- Table structure for table `__list_view_filter`
--

DROP TABLE IF EXISTS `__list_view_filter`;
/*!40101 SET @saved_cs_client     = @@character_set_client */;
/*!50503 SET character_set_client = utf8mb4 */;
CREATE TABLE `__list_view_filter` (
  `id` int NOT NULL AUTO_INCREMENT,
  `listViewID` int DEFAULT NULL,
  `objectFieldID` int DEFAULT NULL,
  `fieldOperator` mediumtext,
  `value` varchar(45) DEFAULT NULL,
  `andOr` varchar(45) DEFAULT NULL,
  `modifiedBy` int DEFAULT NULL,
  `modifiedAt` datetime DEFAULT CURRENT_TIMESTAMP ON UPDATE CURRENT_TIMESTAMP,
  `createdAt` datetime DEFAULT CURRENT_TIMESTAMP,
  PRIMARY KEY (`id`),
  KEY `fk_list_view_filter_idx` (`listViewID`),
  CONSTRAINT `fk_list_view_filter` FOREIGN KEY (`listViewID`) REFERENCES `__list_view` (`id`) ON DELETE CASCADE ON UPDATE CASCADE
) ENGINE=InnoDB AUTO_INCREMENT=1107 DEFAULT CHARSET=utf8mb3;
/*!40101 SET character_set_client = @saved_cs_client */;

--
-- Dumping data for table `__list_view_filter`
--

LOCK TABLES `__list_view_filter` WRITE;
/*!40000 ALTER TABLE `__list_view_filter` DISABLE KEYS */;
INSERT INTO `__list_view_filter` VALUES (1060,1105,3735,'like','WHITE',NULL,NULL,'2025-02-02 15:09:25','2025-02-02 14:58:45'),(1061,1112,3735,'like','FUKAMI',NULL,NULL,'2025-02-02 15:29:09','2025-02-02 15:29:09'),(1071,1114,3735,'like','Milk',NULL,NULL,'2025-02-02 15:38:51','2025-02-02 15:38:51'),(1074,1115,3741,'like','bl',NULL,NULL,'2025-02-03 09:28:25','2025-02-03 09:28:25'),(1075,1107,3776,'>=','curdate()',NULL,NULL,'2025-02-03 09:31:51','2025-02-03 09:31:51'),(1077,1113,3735,'like','blanch',NULL,NULL,'2025-02-03 09:38:11','2025-02-03 09:38:11'),(1078,1111,3769,'like left','blanch',NULL,NULL,'2025-02-03 09:39:08','2025-02-03 09:39:08'),(1079,1116,3781,'like','blanch',NULL,NULL,'2025-02-03 09:40:22','2025-02-03 09:40:22'),(1082,1118,3744,'<=','curdate()','and',NULL,'2025-02-03 13:44:48','2025-02-03 13:44:48'),(1083,1118,3791,'is','NULL',NULL,NULL,'2025-02-03 13:52:34','2025-02-03 13:44:48'),(1084,1117,3781,'like','white','and',NULL,'2025-02-03 13:56:43','2025-02-03 13:56:43'),(1085,1117,3782,'>=','curdate()',NULL,NULL,'2025-02-03 13:56:43','2025-02-03 13:56:43'),(1086,1119,3739,'=','curdate()',NULL,NULL,'2025-02-03 13:59:16','2025-02-03 13:59:16'),(1089,1108,3778,'<=','date_add(curdate(), interval -60 day)','and',NULL,'2025-02-04 10:11:18','2025-02-04 10:11:18'),(1090,1108,3772,'>=','1',NULL,NULL,'2025-02-04 10:11:18','2025-02-04 10:11:18'),(1098,1125,110,'like','metaCatName',NULL,NULL,'2025-02-11 09:16:33','2025-02-11 09:16:33'),(1099,1129,3735,'like','メロン',NULL,NULL,'2025-02-11 11:57:24','2025-02-11 11:57:24'),(1100,1130,3741,'like','メロン',NULL,NULL,'2025-02-11 12:00:32','2025-02-11 12:00:32'),(1101,1124,3818,'=','メロン特選セット',NULL,NULL,'2025-02-11 15:29:01','2025-02-11 15:29:01'),(1102,1123,3769,'=','メロン特選セット',NULL,NULL,'2025-02-12 16:59:45','2025-02-12 16:59:45'),(1103,1131,3769,'like','りんご',NULL,NULL,'2025-02-12 17:00:21','2025-02-12 17:00:21'),(1106,1120,3818,'like','メロン',NULL,NULL,'2025-02-12 17:02:20','2025-02-12 17:02:20');
/*!40000 ALTER TABLE `__list_view_filter` ENABLE KEYS */;
UNLOCK TABLES;

--
-- Temporary view structure for view `__list_view_filter_v`
--

DROP TABLE IF EXISTS `__list_view_filter_v`;
/*!50001 DROP VIEW IF EXISTS `__list_view_filter_v`*/;
SET @saved_cs_client     = @@character_set_client;
/*!50503 SET character_set_client = utf8mb4 */;
/*!50001 CREATE VIEW `__list_view_filter_v` AS SELECT 
 1 AS `id`,
 1 AS `listViewID`,
 1 AS `objectFieldID`,
 1 AS `fieldOperator`,
 1 AS `value`,
 1 AS `andOr`,
 1 AS `modifiedBy`,
 1 AS `modifiedAt`,
 1 AS `createdAt`*/;
SET character_set_client = @saved_cs_client;

--
-- Temporary view structure for view `__list_view_v`
--

DROP TABLE IF EXISTS `__list_view_v`;
/*!50001 DROP VIEW IF EXISTS `__list_view_v`*/;
SET @saved_cs_client     = @@character_set_client;
/*!50503 SET character_set_client = utf8mb4 */;
/*!50001 CREATE VIEW `__list_view_v` AS SELECT 
 1 AS `id`,
 1 AS `name`,
 1 AS `objectID`,
 1 AS `isSystemUse`,
 1 AS `uprObjID`,
 1 AS `strOrderBy`,
 1 AS `seq`,
 1 AS `modifiedBy`,
 1 AS `modifiedAt`,
 1 AS `createdAt`*/;
SET character_set_client = @saved_cs_client;

--
-- Table structure for table `__object`
--

DROP TABLE IF EXISTS `__object`;
/*!40101 SET @saved_cs_client     = @@character_set_client */;
/*!50503 SET character_set_client = utf8mb4 */;
CREATE TABLE `__object` (
  `id` int NOT NULL AUTO_INCREMENT,
  `name` varchar(45) NOT NULL,
  `title` varchar(45) DEFAULT NULL,
  `dbName` varchar(45) DEFAULT 'dframe',
  `runningType` int NOT NULL DEFAULT '0',
  `searchFieldNm` varchar(45) DEFAULT NULL,
  `masterObjectID` int DEFAULT '0',
  `bulkSourceObjectID` int DEFAULT '0',
  `drillDownObjectID_void` int DEFAULT NULL,
  `drillDownFieldNm_void` varchar(45) DEFAULT NULL,
  `triggerNm` text,
  `descriptions` text,
  `defaultViewID` int DEFAULT NULL,
  `accessibility` varchar(45) DEFAULT NULL,
  `seq` int DEFAULT '0',
  `modifiedBy` int DEFAULT NULL,
  `modifiedAt` datetime DEFAULT CURRENT_TIMESTAMP ON UPDATE CURRENT_TIMESTAMP,
  `createdAt` datetime DEFAULT CURRENT_TIMESTAMP,
  PRIMARY KEY (`id`),
  UNIQUE KEY `name_UNIQUE` (`name`),
  KEY `masterObjID_idx` (`masterObjectID`),
  KEY `bulkSourceObjID_idx` (`bulkSourceObjectID`)
) ENGINE=InnoDB AUTO_INCREMENT=257 DEFAULT CHARSET=utf8mb3;
/*!40101 SET character_set_client = @saved_cs_client */;

--
-- Dumping data for table `__object`
--

LOCK TABLES `__object` WRITE;
/*!40000 ALTER TABLE `__object` DISABLE KEYS */;
INSERT INTO `__object` VALUES (244,'prodict','商品','invt2',0,NULL,0,0,NULL,NULL,'getPositionOfList','Export Food Products',1126,NULL,0,1,'2025-02-24 12:08:49','2025-01-30 10:18:48'),(245,'shipping','出庫','invt2',0,NULL,0,0,NULL,NULL,NULL,'Shipping Documents from Food Warehouse',1128,NULL,0,1,'2025-02-11 11:23:50','2025-01-30 10:19:10'),(246,'arrival','入庫','invt2',0,NULL,0,0,NULL,NULL,NULL,'Receiving Dicments for Food Warehouse',1127,NULL,0,1,'2025-02-11 11:21:28','2025-01-30 10:19:32'),(247,'inventory_v','在庫表','invt2',0,NULL,0,0,NULL,NULL,NULL,'Inventory Information',NULL,NULL,0,1,'2025-02-09 11:43:11','2025-01-30 10:19:54'),(248,'maker','メーカー','invt2',0,NULL,0,0,NULL,NULL,NULL,'Food Makers',NULL,NULL,0,1,'2025-02-08 14:43:11','2025-01-30 10:22:05'),(250,'calendar','カレンダー','invt2',0,NULL,0,0,NULL,NULL,NULL,'Calendar',NULL,'0',0,1,'2025-02-08 14:43:11','2025-01-31 08:53:30'),(251,'tempQ','TempQ','invt2',0,NULL,0,0,NULL,NULL,NULL,NULL,NULL,'0',0,1,'2025-02-08 14:43:11','2025-01-31 14:25:31'),(254,'journal_v','入出庫明細','invt2',0,NULL,0,0,NULL,NULL,NULL,'Inventory History',NULL,'0',0,1,'2025-02-09 11:43:11','2025-02-08 12:42:25');
/*!40000 ALTER TABLE `__object` ENABLE KEYS */;
UNLOCK TABLES;

--
-- Table structure for table `__object_field`
--

DROP TABLE IF EXISTS `__object_field`;
/*!40101 SET @saved_cs_client     = @@character_set_client */;
/*!50503 SET character_set_client = utf8mb4 */;
CREATE TABLE `__object_field` (
  `id` int NOT NULL AUTO_INCREMENT,
  `objectID` int DEFAULT NULL,
  `name` varchar(45) DEFAULT NULL,
  `title` varchar(45) DEFAULT NULL,
  `dataType` varchar(45) DEFAULT NULL,
  `dataLength` int DEFAULT '0',
  `NumOfLines` int DEFAULT '1',
  `width` varchar(10) DEFAULT NULL,
  `height` varchar(10) DEFAULT NULL,
  `slctStyle` mediumtext,
  `defaultExpression` varchar(256) DEFAULT NULL,
  `derivedTerm` varchar(200) DEFAULT NULL,
  `steppedTerm` varchar(200) DEFAULT NULL,
  `isNotNull` smallint DEFAULT '0',
  `baseTable` varchar(50) DEFAULT NULL,
  `cmbDataSource_void` varchar(45) DEFAULT NULL,
  `cmbStrainObjNm` varchar(45) DEFAULT NULL,
  `cmbKeyFldNm` varchar(45) DEFAULT NULL,
  `foreignObjectID` int NOT NULL DEFAULT '0',
  `foreignKeyFldNm` varchar(45) DEFAULT NULL,
  `isMultiSelect` tinyint(1) DEFAULT '0',
  `isMasterObject` tinyint(1) DEFAULT '0',
  `isBulkSearchField` tinyint(1) DEFAULT '0',
  `description` text,
  `accessibility` varchar(45) DEFAULT NULL,
  `seq` int DEFAULT '0',
  `seq_order_by` int DEFAULT NULL,
  `modifiedBy` int DEFAULT NULL,
  `modifiedAt` datetime DEFAULT CURRENT_TIMESTAMP ON UPDATE CURRENT_TIMESTAMP,
  `createdAt` datetime DEFAULT CURRENT_TIMESTAMP,
  PRIMARY KEY (`id`),
  UNIQUE KEY `objID_name_index` (`objectID`,`name`),
  KEY `fk_obj_fld_object_idx` (`objectID`),
  KEY `foreignObjectID_idx` (`foreignObjectID`),
  CONSTRAINT `fk_obj_fld_object` FOREIGN KEY (`objectID`) REFERENCES `__object` (`id`) ON DELETE CASCADE ON UPDATE CASCADE
) ENGINE=InnoDB AUTO_INCREMENT=3850 DEFAULT CHARSET=utf8mb3;
/*!40101 SET character_set_client = @saved_cs_client */;

--
-- Dumping data for table `__object_field`
--

LOCK TABLES `__object_field` WRITE;
/*!40000 ALTER TABLE `__object_field` DISABLE KEYS */;
INSERT INTO `__object_field` VALUES (3705,244,'id','□','int',0,1,NULL,NULL,NULL,NULL,NULL,NULL,1,NULL,NULL,NULL,NULL,0,NULL,0,0,0,NULL,NULL,10,NULL,1,'2025-01-30 10:18:48','2025-01-30 10:18:48'),(3706,244,'modifiedBy','Modified By','int',0,1,NULL,NULL,NULL,NULL,NULL,NULL,1,NULL,NULL,NULL,NULL,0,NULL,0,0,0,NULL,NULL,1000,NULL,1,'2025-01-30 10:18:48','2025-01-30 10:18:48'),(3707,244,'modifiedAt','Modified At','datetime',0,1,NULL,NULL,NULL,NULL,NULL,NULL,1,NULL,NULL,NULL,NULL,0,NULL,0,0,0,NULL,NULL,1010,NULL,1,'2025-01-30 10:18:48','2025-01-30 10:18:48'),(3708,244,'createdAt','Created At','datetime',0,1,NULL,NULL,NULL,NULL,NULL,NULL,1,NULL,NULL,NULL,NULL,0,NULL,0,0,0,NULL,NULL,1020,NULL,1,'2025-01-30 10:18:48','2025-01-30 10:18:48'),(3709,245,'id','□','int',0,1,NULL,NULL,NULL,NULL,NULL,NULL,1,NULL,NULL,NULL,NULL,0,NULL,0,0,0,NULL,NULL,10,NULL,1,'2025-01-30 10:19:10','2025-01-30 10:19:10'),(3710,245,'modifiedBy','Modified By','int',0,1,NULL,NULL,NULL,NULL,NULL,NULL,1,NULL,NULL,NULL,NULL,0,NULL,0,0,0,NULL,NULL,1000,NULL,1,'2025-01-30 10:19:10','2025-01-30 10:19:10'),(3711,245,'modifiedAt','Modified At','datetime',0,1,NULL,NULL,NULL,NULL,NULL,NULL,1,NULL,NULL,NULL,NULL,0,NULL,0,0,0,NULL,NULL,1010,NULL,1,'2025-01-30 10:19:10','2025-01-30 10:19:10'),(3712,245,'createdAt','Created At','datetime',0,1,NULL,NULL,NULL,NULL,NULL,NULL,1,NULL,NULL,NULL,NULL,0,NULL,0,0,0,NULL,NULL,1020,NULL,1,'2025-01-30 10:19:10','2025-01-30 10:19:10'),(3713,246,'id','□','int',0,1,NULL,NULL,NULL,NULL,NULL,NULL,1,NULL,NULL,NULL,NULL,0,NULL,0,0,0,NULL,NULL,10,NULL,1,'2025-01-30 10:19:32','2025-01-30 10:19:32'),(3714,246,'modifiedBy','Modified By','int',0,1,NULL,NULL,NULL,NULL,NULL,NULL,1,NULL,NULL,NULL,NULL,0,NULL,0,0,0,NULL,NULL,1000,NULL,1,'2025-01-30 10:19:32','2025-01-30 10:19:32'),(3715,246,'modifiedAt','Modified At','datetime',0,1,NULL,NULL,NULL,NULL,NULL,NULL,1,NULL,NULL,NULL,NULL,0,NULL,0,0,0,NULL,NULL,1010,NULL,1,'2025-01-30 10:19:32','2025-01-30 10:19:32'),(3716,246,'createdAt','Created At','datetime',0,1,NULL,NULL,NULL,NULL,NULL,NULL,1,NULL,NULL,NULL,NULL,0,NULL,0,0,0,NULL,NULL,1020,NULL,1,'2025-01-30 10:19:32','2025-01-30 10:19:32'),(3717,247,'id','□','int',0,1,NULL,NULL,NULL,NULL,'',NULL,1,NULL,NULL,NULL,NULL,254,'',0,0,0,NULL,NULL,10,NULL,1,'2025-02-08 14:53:59','2025-01-30 10:19:54'),(3722,248,'id','□','int',0,1,NULL,NULL,NULL,NULL,NULL,NULL,1,NULL,NULL,NULL,NULL,0,NULL,0,0,0,NULL,NULL,10,NULL,1,'2025-01-30 10:22:05','2025-01-30 10:22:05'),(3723,248,'modifiedBy','Modified By','int',0,1,NULL,NULL,NULL,NULL,'name',NULL,1,NULL,NULL,NULL,NULL,4,'id',0,0,0,NULL,NULL,1000,NULL,1,'2025-02-11 12:31:12','2025-01-30 10:22:05'),(3724,248,'modifiedAt','Modified At','datetime',0,1,NULL,NULL,NULL,NULL,NULL,NULL,1,NULL,NULL,NULL,NULL,0,NULL,0,0,0,NULL,NULL,1010,NULL,1,'2025-01-30 10:22:05','2025-01-30 10:22:05'),(3725,248,'createdAt','Created At','datetime',0,1,NULL,NULL,NULL,NULL,NULL,NULL,1,NULL,NULL,NULL,NULL,0,NULL,0,0,0,NULL,NULL,1020,NULL,1,'2025-01-30 10:22:05','2025-01-30 10:22:05'),(3728,248,'name','メーカー名','text',0,1,NULL,NULL,NULL,NULL,NULL,NULL,0,NULL,NULL,NULL,NULL,0,NULL,0,0,0,NULL,NULL,30,NULL,NULL,'2025-02-03 11:48:18','2025-01-30 10:30:58'),(3730,244,'name','商品','text',0,1,NULL,NULL,NULL,NULL,NULL,NULL,1,NULL,NULL,NULL,NULL,0,NULL,0,0,0,NULL,NULL,30,NULL,NULL,'2025-02-04 13:47:33','2025-01-30 10:39:44'),(3731,244,'make','メーカー','int',0,1,NULL,NULL,NULL,NULL,'name',NULL,0,NULL,NULL,NULL,NULL,248,'id',0,0,0,NULL,NULL,30,NULL,NULL,'2025-02-10 08:47:05','2025-01-30 10:57:52'),(3733,244,'janCode','JAN-code','text',0,1,NULL,NULL,NULL,NULL,NULL,NULL,1,NULL,NULL,NULL,NULL,0,NULL,0,0,0,NULL,NULL,60,NULL,NULL,'2025-02-04 13:47:57','2025-01-30 11:00:39'),(3734,244,'expiry','消費期限(月)','int',0,1,NULL,NULL,NULL,NULL,NULL,NULL,0,NULL,NULL,NULL,NULL,0,NULL,0,0,0,NULL,NULL,70,NULL,NULL,'2025-02-03 11:47:12','2025-01-30 11:03:12'),(3735,245,'product','商品名','int',0,1,NULL,NULL,'',NULL,'name',NULL,0,NULL,NULL,NULL,NULL,244,'id',0,0,0,NULL,NULL,80,NULL,NULL,'2025-02-03 11:51:03','2025-01-30 11:11:15'),(3736,245,'name','Invoice No','text',0,1,NULL,NULL,NULL,NULL,NULL,NULL,0,NULL,NULL,NULL,NULL,0,NULL,0,0,0,NULL,NULL,40,NULL,NULL,'2025-01-30 15:59:38','2025-01-30 12:01:09'),(3738,245,'quantity','数量','int',0,1,NULL,NULL,NULL,NULL,NULL,NULL,0,NULL,NULL,NULL,NULL,0,NULL,0,0,0,NULL,NULL,50,NULL,NULL,'2025-02-03 11:53:23','2025-01-30 12:05:20'),(3739,245,'date','出庫日','date',0,1,NULL,NULL,NULL,NULL,NULL,NULL,0,NULL,NULL,NULL,NULL,0,NULL,0,0,0,NULL,NULL,60,NULL,NULL,'2025-02-03 11:56:43','2025-01-30 12:07:18'),(3741,246,'product','商品名','int',0,1,NULL,NULL,'',NULL,'name',NULL,0,NULL,NULL,NULL,NULL,244,'id',0,0,0,NULL,NULL,40,NULL,NULL,'2025-02-03 11:50:48','2025-01-30 13:27:47'),(3742,246,'pOrder','発注No','text',0,1,NULL,NULL,NULL,NULL,NULL,NULL,0,NULL,NULL,NULL,NULL,0,NULL,0,0,0,NULL,NULL,50,NULL,NULL,'2025-02-11 11:22:37','2025-01-30 13:29:21'),(3744,246,'date','入庫日','date',0,1,NULL,NULL,NULL,NULL,NULL,NULL,0,NULL,NULL,NULL,NULL,0,NULL,0,0,0,NULL,NULL,50,NULL,NULL,'2025-02-03 11:53:41','2025-01-30 13:33:58'),(3745,246,'quantity','数量','int',0,1,NULL,NULL,NULL,NULL,NULL,NULL,0,NULL,NULL,NULL,NULL,0,NULL,0,0,0,NULL,NULL,60,NULL,NULL,'2025-02-03 11:53:20','2025-01-30 13:35:10'),(3746,245,'transNo','送り状No','text',0,1,NULL,NULL,'',NULL,'name',NULL,0,NULL,NULL,NULL,NULL,246,'id',0,0,0,NULL,NULL,80,NULL,NULL,'2025-02-03 13:35:28','2025-01-30 13:47:37'),(3747,246,'name','受領書No','text',0,1,NULL,NULL,NULL,NULL,NULL,NULL,0,NULL,NULL,NULL,NULL,0,NULL,0,0,0,NULL,NULL,15,NULL,NULL,'2025-02-03 11:55:34','2025-01-30 13:56:17'),(3755,250,'id','□','int',0,1,NULL,NULL,NULL,NULL,NULL,NULL,1,NULL,NULL,NULL,NULL,0,NULL,0,0,0,NULL,NULL,10,NULL,1,'2025-01-31 08:53:30','2025-01-31 08:53:30'),(3756,250,'modifiedBy','Modified By','int',0,1,NULL,NULL,NULL,NULL,NULL,NULL,1,NULL,NULL,NULL,NULL,0,NULL,0,0,0,NULL,NULL,1000,NULL,1,'2025-01-31 08:53:30','2025-01-31 08:53:30'),(3757,250,'modifiedAt','Modified At','datetime',0,1,NULL,NULL,NULL,NULL,NULL,NULL,1,NULL,NULL,NULL,NULL,0,NULL,0,0,0,NULL,NULL,1010,NULL,1,'2025-01-31 08:53:30','2025-01-31 08:53:30'),(3758,250,'createdAt','Created At','datetime',0,1,NULL,NULL,NULL,NULL,NULL,NULL,1,NULL,NULL,NULL,NULL,0,NULL,0,0,0,NULL,NULL,1020,NULL,1,'2025-01-31 08:53:30','2025-01-31 08:53:30'),(3759,250,'name','名前','text',0,1,NULL,NULL,NULL,NULL,NULL,NULL,0,NULL,NULL,NULL,NULL,0,NULL,0,0,0,NULL,NULL,20,NULL,NULL,'2025-02-03 11:48:34','2025-01-31 08:54:41'),(3760,250,'date','日付','date',0,1,NULL,NULL,NULL,NULL,NULL,NULL,0,NULL,NULL,NULL,NULL,0,NULL,0,0,0,NULL,NULL,40,NULL,NULL,'2025-02-03 11:46:44','2025-01-31 09:02:42'),(3761,244,'leadTime','L/T (日)','int',0,1,NULL,NULL,NULL,NULL,NULL,NULL,0,NULL,NULL,NULL,NULL,0,NULL,0,0,0,NULL,NULL,40,NULL,NULL,'2025-02-03 11:47:42','2025-01-31 09:37:33'),(3762,251,'id','□','int',0,1,NULL,NULL,NULL,NULL,NULL,NULL,1,NULL,NULL,NULL,NULL,0,NULL,0,0,0,NULL,NULL,10,NULL,1,'2025-01-31 14:25:31','2025-01-31 14:25:31'),(3763,251,'modifiedBy','Modified By','int',0,1,NULL,NULL,NULL,NULL,NULL,NULL,1,NULL,NULL,NULL,NULL,0,NULL,0,0,0,NULL,NULL,1000,NULL,1,'2025-01-31 14:25:31','2025-01-31 14:25:31'),(3764,251,'modifiedAt','Modified At','datetime',0,1,NULL,NULL,NULL,NULL,NULL,NULL,1,NULL,NULL,NULL,NULL,0,NULL,0,0,0,NULL,NULL,1010,NULL,1,'2025-01-31 14:25:31','2025-01-31 14:25:31'),(3765,251,'createdAt','Created At','datetime',0,1,NULL,NULL,NULL,NULL,NULL,NULL,1,NULL,NULL,NULL,NULL,0,NULL,0,0,0,NULL,NULL,1020,NULL,1,'2025-01-31 14:25:31','2025-01-31 14:25:31'),(3766,251,'product','商品ID','int',0,1,NULL,NULL,NULL,NULL,NULL,NULL,0,NULL,NULL,NULL,NULL,0,NULL,0,0,0,NULL,NULL,20,NULL,NULL,'2025-02-03 11:51:36','2025-01-31 14:27:06'),(3767,251,'date','日付','date',0,1,NULL,NULL,NULL,NULL,NULL,NULL,0,NULL,NULL,NULL,NULL,0,NULL,0,0,0,NULL,NULL,30,NULL,NULL,'2025-02-03 11:46:47','2025-01-31 14:27:49'),(3769,247,'productNm','商品名','text',0,1,NULL,NULL,NULL,NULL,NULL,NULL,0,NULL,NULL,NULL,NULL,0,NULL,0,0,0,NULL,NULL,30,NULL,NULL,'2025-02-08 12:34:19','2025-02-01 10:23:21'),(3770,247,'arrived','入荷','int',0,1,NULL,NULL,NULL,NULL,NULL,NULL,0,NULL,NULL,NULL,NULL,0,NULL,0,0,0,NULL,NULL,40,NULL,NULL,'2025-02-03 11:55:41','2025-02-01 10:24:48'),(3771,247,'shipped','出荷','int',0,1,NULL,NULL,NULL,NULL,NULL,NULL,0,NULL,NULL,NULL,NULL,0,NULL,0,0,0,NULL,NULL,50,NULL,NULL,'2025-02-03 11:56:11','2025-02-01 10:25:30'),(3772,247,'cur_qty','現在庫数','int',0,1,NULL,NULL,NULL,NULL,NULL,NULL,0,NULL,NULL,NULL,NULL,0,NULL,0,0,0,NULL,NULL,60,NULL,NULL,'2025-02-03 12:01:16','2025-02-01 10:26:22'),(3773,247,'to_arrive','発注残','int',0,1,NULL,NULL,NULL,NULL,NULL,NULL,0,NULL,NULL,NULL,NULL,0,NULL,0,0,0,NULL,NULL,70,NULL,NULL,'2025-02-03 11:57:11','2025-02-01 10:27:20'),(3774,247,'to_ship','受注残','int',0,1,NULL,NULL,NULL,NULL,NULL,NULL,0,NULL,NULL,NULL,NULL,0,NULL,0,0,0,NULL,NULL,80,NULL,NULL,'2025-02-03 11:57:23','2025-02-01 10:27:40'),(3775,247,'ftr_qty','フリー在庫','int',0,1,NULL,NULL,NULL,NULL,NULL,NULL,0,NULL,NULL,NULL,NULL,0,NULL,0,0,0,NULL,NULL,90,NULL,NULL,'2025-02-03 11:59:38','2025-02-01 10:28:13'),(3776,247,'shortOn','在庫切','date',0,1,NULL,NULL,NULL,NULL,NULL,NULL,0,NULL,NULL,NULL,NULL,0,NULL,0,0,0,NULL,NULL,100,NULL,NULL,'2025-02-03 11:56:55','2025-02-01 10:32:51'),(3777,247,'leadtime','L/T (日)','int',0,1,NULL,NULL,NULL,NULL,NULL,NULL,0,NULL,NULL,NULL,NULL,0,NULL,0,0,0,NULL,NULL,110,NULL,NULL,'2025-02-03 11:47:45','2025-02-01 10:33:21'),(3778,247,'latest_ship','最終出荷日','date',0,1,NULL,NULL,NULL,NULL,NULL,NULL,0,NULL,NULL,NULL,NULL,0,NULL,0,0,0,NULL,NULL,120,NULL,NULL,'2025-02-03 11:48:02','2025-02-01 11:33:52'),(3785,245,'customer','顧客','text',0,1,NULL,NULL,NULL,NULL,NULL,NULL,0,NULL,NULL,NULL,NULL,0,NULL,0,0,0,NULL,NULL,50,NULL,NULL,'2025-02-03 11:46:40','2025-02-02 11:26:30'),(3791,246,'receipt_date','受領日','date',0,1,NULL,NULL,NULL,NULL,NULL,NULL,0,NULL,NULL,NULL,NULL,0,NULL,0,0,0,NULL,NULL,50,NULL,NULL,'2025-02-03 13:25:44','2025-02-03 13:25:44'),(3792,244,'photo','写真','text',0,1,NULL,'10',NULL,NULL,NULL,NULL,1,NULL,NULL,NULL,NULL,0,NULL,0,0,0,NULL,NULL,35,NULL,NULL,'2025-02-04 13:47:14','2025-02-04 10:13:44'),(3807,254,'id','□','int',0,1,NULL,NULL,NULL,NULL,NULL,NULL,1,NULL,NULL,NULL,NULL,0,NULL,0,0,0,NULL,NULL,10,0,1,'2025-02-09 09:31:32','2025-02-08 12:42:25'),(3811,254,'productID','商品','int',0,1,NULL,NULL,NULL,NULL,'name',NULL,0,NULL,NULL,NULL,NULL,244,'id',0,0,0,NULL,NULL,10,1,NULL,'2025-02-09 11:14:34','2025-02-08 12:43:11'),(3812,254,'date','日付','date',0,1,NULL,NULL,NULL,NULL,NULL,NULL,0,NULL,NULL,NULL,NULL,0,NULL,0,0,0,NULL,NULL,30,-2,1,'2025-02-09 09:25:07','2025-02-08 12:43:29'),(3813,254,'qty_arv','入庫数','int',0,1,NULL,NULL,NULL,NULL,NULL,NULL,0,NULL,NULL,NULL,NULL,0,NULL,0,0,0,NULL,NULL,50,NULL,NULL,'2025-02-08 13:56:18','2025-02-08 12:44:05'),(3814,254,'qty_ship','出庫数','int',0,1,NULL,NULL,NULL,NULL,NULL,NULL,0,NULL,NULL,NULL,NULL,0,NULL,0,0,0,NULL,NULL,60,NULL,NULL,'2025-02-08 13:56:18','2025-02-08 12:44:30'),(3815,254,'balance','在庫数','int',0,1,NULL,NULL,NULL,NULL,NULL,NULL,0,NULL,NULL,NULL,NULL,0,NULL,0,0,0,NULL,NULL,70,NULL,NULL,'2025-02-08 13:56:18','2025-02-08 12:51:34'),(3816,254,'customer','納入先','text',0,1,NULL,NULL,NULL,NULL,'',NULL,0,NULL,NULL,NULL,NULL,0,NULL,0,0,0,NULL,NULL,80,NULL,NULL,'2025-02-08 13:58:31','2025-02-08 13:54:03'),(3817,254,'searchKey','Search Key','int',0,1,NULL,NULL,NULL,NULL,NULL,NULL,0,NULL,NULL,NULL,NULL,0,NULL,0,0,0,NULL,NULL,15,NULL,NULL,'2025-02-08 14:57:02','2025-02-08 14:57:02'),(3818,254,'productNm','商品名','text',0,1,NULL,NULL,NULL,NULL,NULL,NULL,0,NULL,NULL,NULL,NULL,0,NULL,0,0,0,NULL,NULL,14,NULL,NULL,'2025-02-09 11:13:37','2025-02-09 11:13:37'),(3819,244,'unit','単位','text',0,1,NULL,NULL,'lookup',NULL,NULL,NULL,1,NULL,NULL,'logiUnit',NULL,0,NULL,0,0,0,NULL,NULL,50,NULL,NULL,'2025-02-11 10:38:11','2025-02-11 10:29:20'),(3820,244,'salesUnit','販売単位','int',0,1,NULL,NULL,NULL,NULL,NULL,NULL,1,NULL,NULL,NULL,NULL,0,NULL,0,0,0,NULL,NULL,60,NULL,NULL,'2025-02-11 10:38:27','2025-02-11 10:29:58'),(3821,244,'purchaseAmount','仕入金額','int',0,1,NULL,NULL,NULL,NULL,NULL,NULL,0,NULL,NULL,NULL,NULL,0,NULL,0,0,0,NULL,NULL,70,NULL,NULL,'2025-02-11 10:31:56','2025-02-11 10:31:56'),(3822,246,'purchaseAmount','仕入単価','int',0,1,NULL,NULL,NULL,NULL,NULL,NULL,0,NULL,NULL,NULL,NULL,0,NULL,0,0,0,NULL,NULL,60,NULL,NULL,'2025-02-11 10:56:09','2025-02-11 10:42:02'),(3823,246,'ammount','仕入金額','int',0,1,NULL,NULL,NULL,NULL,'arrival.purchaseAmount*arrival.quantity',NULL,0,NULL,NULL,NULL,NULL,0,NULL,0,0,0,NULL,NULL,80,NULL,NULL,'2025-02-11 11:20:23','2025-02-11 11:14:43'),(3824,247,'stockAmount','在庫金額','int',0,1,NULL,NULL,NULL,NULL,NULL,NULL,0,NULL,NULL,NULL,NULL,0,NULL,0,0,0,NULL,NULL,65,NULL,NULL,'2025-02-11 11:54:31','2025-02-11 11:52:52'),(3828,254,'amount_arv','仕入単価','いint',0,1,NULL,NULL,NULL,NULL,NULL,NULL,0,NULL,NULL,NULL,NULL,0,NULL,0,0,0,NULL,NULL,55,NULL,NULL,'2025-02-11 14:27:01','2025-02-11 14:25:58'),(3829,254,'amount_ship','売上単価','int',0,1,NULL,NULL,NULL,NULL,NULL,NULL,0,NULL,NULL,NULL,NULL,0,NULL,0,0,0,NULL,NULL,65,NULL,NULL,'2025-02-11 14:27:15','2025-02-11 14:26:01'),(3830,245,'amount','売上単価','int',0,1,NULL,NULL,NULL,NULL,NULL,NULL,0,NULL,NULL,NULL,NULL,0,NULL,0,0,0,NULL,NULL,55,NULL,NULL,'2025-02-11 14:36:52','2025-02-11 14:36:52'),(3840,244,'ingredients','Ingredients','text',0,5,NULL,'3',NULL,NULL,NULL,NULL,0,NULL,NULL,NULL,NULL,0,NULL,0,0,0,NULL,NULL,100,NULL,NULL,'2025-02-16 11:07:30','2025-02-16 10:55:34'),(3841,244,'contents','Contents','text',0,1,NULL,NULL,NULL,NULL,NULL,NULL,0,NULL,NULL,NULL,NULL,0,NULL,0,0,0,NULL,NULL,80,NULL,NULL,'2025-02-16 11:13:06','2025-02-16 11:13:06'),(3842,244,'qtyPerCarton','Quantity Per Carton','text',0,1,NULL,NULL,NULL,NULL,NULL,NULL,0,NULL,NULL,NULL,NULL,0,NULL,0,0,0,NULL,NULL,90,NULL,NULL,'2025-02-16 11:13:44','2025-02-16 11:13:44'),(3843,244,'rowNo','Row No.','int',0,1,NULL,NULL,NULL,NULL,NULL,NULL,0,NULL,NULL,NULL,NULL,0,NULL,0,0,0,NULL,NULL,200,NULL,NULL,'2025-02-16 11:40:57','2025-02-16 11:40:57'),(3844,244,'col','Column No.','int',0,1,NULL,NULL,NULL,NULL,NULL,NULL,0,NULL,NULL,NULL,NULL,0,NULL,0,0,0,NULL,NULL,210,NULL,NULL,'2025-02-16 11:41:42','2025-02-16 11:41:42'),(3849,244,'seq','表示順','int',0,1,NULL,NULL,NULL,NULL,NULL,NULL,0,NULL,NULL,NULL,NULL,0,NULL,0,0,0,NULL,NULL,170,1,NULL,'2025-02-24 11:58:55','2025-02-22 13:31:43');
/*!40000 ALTER TABLE `__object_field` ENABLE KEYS */;
UNLOCK TABLES;

--
-- Temporary view structure for view `__object_field_role_v`
--

DROP TABLE IF EXISTS `__object_field_role_v`;
/*!50001 DROP VIEW IF EXISTS `__object_field_role_v`*/;
SET @saved_cs_client     = @@character_set_client;
/*!50503 SET character_set_client = utf8mb4 */;
/*!50001 CREATE VIEW `__object_field_role_v` AS SELECT 
 1 AS `fid`,
 1 AS `objectID`,
 1 AS `fieldNm`,
 1 AS `r1`,
 1 AS `r2`,
 1 AS `r3`,
 1 AS `r4`,
 1 AS `r5`,
 1 AS `r6`,
 1 AS `r7`,
 1 AS `r8`,
 1 AS `CNT`*/;
SET character_set_client = @saved_cs_client;

--
-- Table structure for table `__object_field_rw`
--

DROP TABLE IF EXISTS `__object_field_rw`;
/*!40101 SET @saved_cs_client     = @@character_set_client */;
/*!50503 SET character_set_client = utf8mb4 */;
CREATE TABLE `__object_field_rw` (
  `id` int NOT NULL AUTO_INCREMENT,
  `objectFieldID` int DEFAULT NULL,
  `roleID` int DEFAULT NULL,
  `fieldRwID` int DEFAULT NULL,
  `isVisible` smallint DEFAULT NULL,
  `isReadOnly` smallint DEFAULT NULL,
  `modifiedBy` int DEFAULT NULL,
  `modifiedAt` datetime DEFAULT CURRENT_TIMESTAMP ON UPDATE CURRENT_TIMESTAMP,
  `createdAt` datetime DEFAULT CURRENT_TIMESTAMP,
  PRIMARY KEY (`id`),
  UNIQUE KEY `objFeild_roleID_idx` (`objectFieldID`,`roleID`),
  KEY `fk_obj_rw_object_idx` (`objectFieldID`),
  CONSTRAINT `fk_obj_rw_object` FOREIGN KEY (`objectFieldID`) REFERENCES `__object_field` (`id`) ON DELETE CASCADE ON UPDATE CASCADE
) ENGINE=InnoDB AUTO_INCREMENT=8154 DEFAULT CHARSET=utf8mb3;
/*!40101 SET character_set_client = @saved_cs_client */;

--
-- Dumping data for table `__object_field_rw`
--

LOCK TABLES `__object_field_rw` WRITE;
/*!40000 ALTER TABLE `__object_field_rw` DISABLE KEYS */;
INSERT INTO `__object_field_rw` VALUES (7887,3705,1,2,NULL,NULL,1,'2025-01-30 10:18:48','2025-01-30 10:18:48'),(7888,3706,1,1,NULL,NULL,1,'2025-01-30 10:18:48','2025-01-30 10:18:48'),(7889,3707,1,1,NULL,NULL,1,'2025-01-30 10:18:48','2025-01-30 10:18:48'),(7890,3708,1,1,NULL,NULL,1,'2025-01-30 10:18:48','2025-01-30 10:18:48'),(7891,3709,1,2,NULL,NULL,1,'2025-01-30 10:19:10','2025-01-30 10:19:10'),(7892,3710,1,1,NULL,NULL,1,'2025-01-30 10:19:10','2025-01-30 10:19:10'),(7893,3711,1,1,NULL,NULL,1,'2025-01-30 10:19:10','2025-01-30 10:19:10'),(7894,3712,1,1,NULL,NULL,1,'2025-01-30 10:19:10','2025-01-30 10:19:10'),(7895,3713,1,2,NULL,NULL,1,'2025-01-30 10:19:32','2025-01-30 10:19:32'),(7896,3714,1,1,NULL,NULL,1,'2025-01-30 10:19:32','2025-01-30 10:19:32'),(7897,3715,1,1,NULL,NULL,1,'2025-01-30 10:19:32','2025-01-30 10:19:32'),(7898,3716,1,1,NULL,NULL,1,'2025-01-30 10:19:32','2025-01-30 10:19:32'),(7899,3717,1,0,NULL,NULL,1,'2025-02-02 09:32:53','2025-01-30 10:19:54'),(7904,3722,1,2,NULL,NULL,1,'2025-01-30 10:22:05','2025-01-30 10:22:05'),(7905,3723,1,1,NULL,NULL,1,'2025-01-30 10:22:05','2025-01-30 10:22:05'),(7906,3724,1,1,NULL,NULL,1,'2025-01-30 10:22:05','2025-01-30 10:22:05'),(7907,3725,1,1,NULL,NULL,1,'2025-01-30 10:22:05','2025-01-30 10:22:05'),(7910,3728,1,2,NULL,NULL,NULL,'2025-01-30 10:30:58','2025-01-30 10:30:58'),(7912,3730,1,2,NULL,NULL,NULL,'2025-01-30 10:39:44','2025-01-30 10:39:44'),(7913,3731,1,2,NULL,NULL,NULL,'2025-01-30 10:57:52','2025-01-30 10:57:52'),(7915,3733,1,2,NULL,NULL,NULL,'2025-01-30 11:00:39','2025-01-30 11:00:39'),(7916,3734,1,2,NULL,NULL,NULL,'2025-01-30 11:03:12','2025-01-30 11:03:12'),(7917,3735,1,2,NULL,NULL,NULL,'2025-01-30 11:11:15','2025-01-30 11:11:15'),(7918,3736,1,2,NULL,NULL,NULL,'2025-01-30 12:01:09','2025-01-30 12:01:09'),(7919,3738,1,2,NULL,NULL,NULL,'2025-01-30 12:05:20','2025-01-30 12:05:20'),(7920,3739,1,2,NULL,NULL,NULL,'2025-01-30 12:07:18','2025-01-30 12:07:18'),(7921,3741,1,2,NULL,NULL,NULL,'2025-01-30 13:27:47','2025-01-30 13:27:47'),(7922,3742,1,2,NULL,NULL,NULL,'2025-01-30 13:29:21','2025-01-30 13:29:21'),(7923,3744,1,2,NULL,NULL,NULL,'2025-01-30 13:33:58','2025-01-30 13:33:58'),(7924,3745,1,2,NULL,NULL,NULL,'2025-01-30 13:35:10','2025-01-30 13:35:10'),(7925,3746,1,2,NULL,NULL,NULL,'2025-01-30 13:47:37','2025-01-30 13:47:37'),(7926,3747,1,2,NULL,NULL,NULL,'2025-01-30 13:56:17','2025-01-30 13:56:17'),(7934,3755,1,2,NULL,NULL,1,'2025-01-31 08:53:30','2025-01-31 08:53:30'),(7935,3756,1,1,NULL,NULL,1,'2025-01-31 08:53:30','2025-01-31 08:53:30'),(7936,3757,1,1,NULL,NULL,1,'2025-01-31 08:53:30','2025-01-31 08:53:30'),(7937,3758,1,1,NULL,NULL,1,'2025-01-31 08:53:30','2025-01-31 08:53:30'),(7938,3759,1,2,NULL,NULL,NULL,'2025-01-31 08:54:41','2025-01-31 08:54:41'),(7939,3760,1,2,NULL,NULL,NULL,'2025-01-31 09:02:42','2025-01-31 09:02:42'),(7940,3761,1,2,NULL,NULL,NULL,'2025-01-31 09:37:33','2025-01-31 09:37:33'),(7941,3762,1,2,NULL,NULL,1,'2025-01-31 14:25:31','2025-01-31 14:25:31'),(7942,3763,1,1,NULL,NULL,1,'2025-01-31 14:25:31','2025-01-31 14:25:31'),(7943,3764,1,1,NULL,NULL,1,'2025-01-31 14:25:31','2025-01-31 14:25:31'),(7944,3765,1,1,NULL,NULL,1,'2025-01-31 14:25:31','2025-01-31 14:25:31'),(7945,3766,1,2,NULL,NULL,NULL,'2025-01-31 14:27:06','2025-01-31 14:27:06'),(7946,3767,1,2,NULL,NULL,NULL,'2025-01-31 14:27:49','2025-01-31 14:27:49'),(7947,3769,1,1,NULL,NULL,NULL,'2025-02-01 10:58:54','2025-02-01 10:58:54'),(7948,3770,1,1,NULL,NULL,NULL,'2025-02-01 10:58:54','2025-02-01 10:58:54'),(7949,3771,1,1,NULL,NULL,NULL,'2025-02-01 10:58:54','2025-02-01 10:58:54'),(7950,3772,1,1,NULL,NULL,NULL,'2025-02-01 10:58:54','2025-02-01 10:58:54'),(7951,3773,1,1,NULL,NULL,NULL,'2025-02-01 10:58:54','2025-02-01 10:58:54'),(7952,3774,1,1,NULL,NULL,NULL,'2025-02-01 10:58:54','2025-02-01 10:58:54'),(7953,3775,1,1,NULL,NULL,NULL,'2025-02-01 10:58:54','2025-02-01 10:58:54'),(7954,3776,1,1,NULL,NULL,NULL,'2025-02-01 10:58:54','2025-02-01 10:58:54'),(7955,3777,1,1,NULL,NULL,NULL,'2025-02-01 10:58:54','2025-02-01 10:58:54'),(7956,3778,1,1,NULL,NULL,NULL,'2025-02-09 12:04:49','2025-02-01 11:36:15'),(7963,3785,1,2,NULL,NULL,NULL,'2025-02-02 11:26:30','2025-02-02 11:26:30'),(7969,3791,1,2,NULL,NULL,NULL,'2025-02-03 13:25:44','2025-02-03 13:25:44'),(7970,3792,1,2,NULL,NULL,NULL,'2025-02-04 10:13:44','2025-02-04 10:13:44'),(7978,3807,1,1,NULL,NULL,1,'2025-02-09 11:31:04','2025-02-08 12:42:25'),(7982,3818,1,1,NULL,NULL,NULL,'2025-02-09 11:25:41','2025-02-08 12:43:11'),(7983,3812,1,1,NULL,NULL,NULL,'2025-02-09 11:25:40','2025-02-08 12:43:29'),(7984,3813,1,1,NULL,NULL,NULL,'2025-02-09 11:25:40','2025-02-08 12:44:05'),(7985,3814,1,1,NULL,NULL,NULL,'2025-02-09 11:25:40','2025-02-08 12:44:30'),(7986,3815,1,1,NULL,NULL,NULL,'2025-02-09 11:25:41','2025-02-08 12:51:34'),(7987,3816,1,1,NULL,NULL,NULL,'2025-02-09 11:25:41','2025-02-08 13:54:03'),(7988,3817,1,0,NULL,NULL,NULL,'2025-02-08 15:37:43','2025-02-08 14:57:02'),(7989,3811,1,0,NULL,NULL,NULL,'2025-02-09 11:25:40','2025-02-09 11:25:40'),(7990,3811,2,0,NULL,NULL,NULL,'2025-02-09 11:25:40','2025-02-09 11:25:40'),(7991,3811,3,0,NULL,NULL,NULL,'2025-02-09 11:25:40','2025-02-09 11:25:40'),(7992,3811,4,0,NULL,NULL,NULL,'2025-02-09 11:25:40','2025-02-09 11:25:40'),(7993,3811,5,0,NULL,NULL,NULL,'2025-02-09 11:25:40','2025-02-09 11:25:40'),(7994,3812,2,0,NULL,NULL,NULL,'2025-02-09 11:25:40','2025-02-09 11:25:40'),(7995,3812,3,0,NULL,NULL,NULL,'2025-02-09 11:25:40','2025-02-09 11:25:40'),(7996,3812,4,0,NULL,NULL,NULL,'2025-02-09 11:25:40','2025-02-09 11:25:40'),(7997,3812,5,0,NULL,NULL,NULL,'2025-02-09 11:25:40','2025-02-09 11:25:40'),(7998,3813,2,0,NULL,NULL,NULL,'2025-02-09 11:25:40','2025-02-09 11:25:40'),(7999,3813,3,0,NULL,NULL,NULL,'2025-02-09 11:25:40','2025-02-09 11:25:40'),(8000,3813,4,0,NULL,NULL,NULL,'2025-02-09 11:25:40','2025-02-09 11:25:40'),(8001,3813,5,0,NULL,NULL,NULL,'2025-02-09 11:25:40','2025-02-09 11:25:40'),(8002,3814,2,0,NULL,NULL,NULL,'2025-02-09 11:25:40','2025-02-09 11:25:40'),(8003,3814,3,0,NULL,NULL,NULL,'2025-02-09 11:25:40','2025-02-09 11:25:40'),(8004,3814,4,0,NULL,NULL,NULL,'2025-02-09 11:25:40','2025-02-09 11:25:40'),(8005,3814,5,0,NULL,NULL,NULL,'2025-02-09 11:25:40','2025-02-09 11:25:40'),(8006,3815,2,0,NULL,NULL,NULL,'2025-02-09 11:25:41','2025-02-09 11:25:41'),(8007,3815,3,0,NULL,NULL,NULL,'2025-02-09 11:25:41','2025-02-09 11:25:41'),(8008,3815,4,0,NULL,NULL,NULL,'2025-02-09 11:25:41','2025-02-09 11:25:41'),(8009,3815,5,0,NULL,NULL,NULL,'2025-02-09 11:25:41','2025-02-09 11:25:41'),(8010,3816,2,0,NULL,NULL,NULL,'2025-02-09 11:25:41','2025-02-09 11:25:41'),(8011,3816,3,0,NULL,NULL,NULL,'2025-02-09 11:25:41','2025-02-09 11:25:41'),(8012,3816,4,0,NULL,NULL,NULL,'2025-02-09 11:25:41','2025-02-09 11:25:41'),(8013,3816,5,0,NULL,NULL,NULL,'2025-02-09 11:25:41','2025-02-09 11:25:41'),(8014,3817,2,0,NULL,NULL,NULL,'2025-02-09 11:25:41','2025-02-09 11:25:41'),(8015,3817,3,0,NULL,NULL,NULL,'2025-02-09 11:25:41','2025-02-09 11:25:41'),(8016,3817,4,0,NULL,NULL,NULL,'2025-02-09 11:25:41','2025-02-09 11:25:41'),(8017,3817,5,0,NULL,NULL,NULL,'2025-02-09 11:25:41','2025-02-09 11:25:41'),(8018,3818,2,0,NULL,NULL,NULL,'2025-02-09 11:25:41','2025-02-09 11:25:41'),(8019,3818,3,0,NULL,NULL,NULL,'2025-02-09 11:25:41','2025-02-09 11:25:41'),(8020,3818,4,0,NULL,NULL,NULL,'2025-02-09 11:25:41','2025-02-09 11:25:41'),(8021,3818,5,0,NULL,NULL,NULL,'2025-02-09 11:25:41','2025-02-09 11:25:41'),(8022,3819,1,2,NULL,NULL,NULL,'2025-02-11 10:29:20','2025-02-11 10:29:20'),(8023,3820,1,2,NULL,NULL,NULL,'2025-02-11 10:29:58','2025-02-11 10:29:58'),(8024,3821,1,2,NULL,NULL,NULL,'2025-02-11 10:31:56','2025-02-11 10:31:56'),(8025,3822,1,2,NULL,NULL,NULL,'2025-02-11 10:42:02','2025-02-11 10:42:02'),(8026,3823,1,1,NULL,NULL,NULL,'2025-02-11 12:06:05','2025-02-11 11:14:43'),(8027,3824,1,2,NULL,NULL,NULL,'2025-02-11 11:53:20','2025-02-11 11:53:20'),(8028,3741,2,0,NULL,NULL,NULL,'2025-02-11 12:06:04','2025-02-11 12:06:04'),(8029,3741,3,0,NULL,NULL,NULL,'2025-02-11 12:06:04','2025-02-11 12:06:04'),(8030,3741,4,0,NULL,NULL,NULL,'2025-02-11 12:06:04','2025-02-11 12:06:04'),(8031,3741,5,0,NULL,NULL,NULL,'2025-02-11 12:06:04','2025-02-11 12:06:04'),(8032,3742,2,0,NULL,NULL,NULL,'2025-02-11 12:06:04','2025-02-11 12:06:04'),(8033,3742,3,0,NULL,NULL,NULL,'2025-02-11 12:06:04','2025-02-11 12:06:04'),(8034,3742,4,0,NULL,NULL,NULL,'2025-02-11 12:06:04','2025-02-11 12:06:04'),(8035,3742,5,0,NULL,NULL,NULL,'2025-02-11 12:06:04','2025-02-11 12:06:04'),(8036,3744,2,0,NULL,NULL,NULL,'2025-02-11 12:06:04','2025-02-11 12:06:04'),(8037,3744,3,0,NULL,NULL,NULL,'2025-02-11 12:06:04','2025-02-11 12:06:04'),(8038,3744,4,0,NULL,NULL,NULL,'2025-02-11 12:06:04','2025-02-11 12:06:04'),(8039,3744,5,0,NULL,NULL,NULL,'2025-02-11 12:06:04','2025-02-11 12:06:04'),(8040,3745,2,0,NULL,NULL,NULL,'2025-02-11 12:06:04','2025-02-11 12:06:04'),(8041,3745,3,0,NULL,NULL,NULL,'2025-02-11 12:06:04','2025-02-11 12:06:04'),(8042,3745,4,0,NULL,NULL,NULL,'2025-02-11 12:06:04','2025-02-11 12:06:04'),(8043,3745,5,0,NULL,NULL,NULL,'2025-02-11 12:06:04','2025-02-11 12:06:04'),(8044,3747,2,0,NULL,NULL,NULL,'2025-02-11 12:06:04','2025-02-11 12:06:04'),(8045,3747,3,0,NULL,NULL,NULL,'2025-02-11 12:06:04','2025-02-11 12:06:04'),(8046,3747,4,0,NULL,NULL,NULL,'2025-02-11 12:06:04','2025-02-11 12:06:04'),(8047,3747,5,0,NULL,NULL,NULL,'2025-02-11 12:06:05','2025-02-11 12:06:05'),(8048,3791,2,0,NULL,NULL,NULL,'2025-02-11 12:06:05','2025-02-11 12:06:05'),(8049,3791,3,0,NULL,NULL,NULL,'2025-02-11 12:06:05','2025-02-11 12:06:05'),(8050,3791,4,0,NULL,NULL,NULL,'2025-02-11 12:06:05','2025-02-11 12:06:05'),(8051,3791,5,0,NULL,NULL,NULL,'2025-02-11 12:06:05','2025-02-11 12:06:05'),(8052,3822,2,0,NULL,NULL,NULL,'2025-02-11 12:06:05','2025-02-11 12:06:05'),(8053,3822,3,0,NULL,NULL,NULL,'2025-02-11 12:06:05','2025-02-11 12:06:05'),(8054,3822,4,0,NULL,NULL,NULL,'2025-02-11 12:06:05','2025-02-11 12:06:05'),(8055,3822,5,0,NULL,NULL,NULL,'2025-02-11 12:06:05','2025-02-11 12:06:05'),(8056,3823,2,0,NULL,NULL,NULL,'2025-02-11 12:06:05','2025-02-11 12:06:05'),(8057,3823,3,0,NULL,NULL,NULL,'2025-02-11 12:06:05','2025-02-11 12:06:05'),(8058,3823,4,0,NULL,NULL,NULL,'2025-02-11 12:06:05','2025-02-11 12:06:05'),(8059,3823,5,0,NULL,NULL,NULL,'2025-02-11 12:06:05','2025-02-11 12:06:05'),(8062,3828,1,2,NULL,NULL,NULL,'2025-02-11 14:28:39','2025-02-11 14:27:39'),(8065,3829,1,0,NULL,NULL,NULL,'2025-02-11 15:30:32','2025-02-11 14:28:08'),(8066,3830,1,2,NULL,NULL,NULL,'2025-02-11 14:36:52','2025-02-11 14:36:52'),(8076,3840,1,2,NULL,NULL,NULL,'2025-02-16 10:55:34','2025-02-16 10:55:34'),(8077,3841,1,2,NULL,NULL,NULL,'2025-02-16 11:13:06','2025-02-16 11:13:06'),(8078,3842,1,2,NULL,NULL,NULL,'2025-02-16 11:13:44','2025-02-16 11:13:44'),(8079,3843,1,1,NULL,NULL,NULL,'2025-02-24 14:28:40','2025-02-16 11:40:57'),(8080,3844,1,1,NULL,NULL,NULL,'2025-02-24 14:28:41','2025-02-16 11:41:42'),(8085,3849,1,2,NULL,NULL,NULL,'2025-02-22 13:31:43','2025-02-22 13:31:43'),(8086,3730,2,1,NULL,NULL,NULL,'2025-02-24 11:45:15','2025-02-24 11:44:41'),(8087,3730,3,1,NULL,NULL,NULL,'2025-03-25 14:13:23','2025-02-24 11:44:41'),(8088,3730,4,0,NULL,NULL,NULL,'2025-02-24 11:44:41','2025-02-24 11:44:41'),(8089,3730,5,0,NULL,NULL,NULL,'2025-02-24 11:44:41','2025-02-24 11:44:41'),(8090,3731,2,0,NULL,NULL,NULL,'2025-02-24 11:44:41','2025-02-24 11:44:41'),(8091,3731,3,1,NULL,NULL,NULL,'2025-03-25 14:13:40','2025-02-24 11:44:41'),(8092,3731,4,0,NULL,NULL,NULL,'2025-02-24 11:44:41','2025-02-24 11:44:41'),(8093,3731,5,0,NULL,NULL,NULL,'2025-02-24 11:44:41','2025-02-24 11:44:41'),(8094,3733,2,0,NULL,NULL,NULL,'2025-02-24 11:44:41','2025-02-24 11:44:41'),(8095,3733,3,0,NULL,NULL,NULL,'2025-02-24 11:44:41','2025-02-24 11:44:41'),(8096,3733,4,0,NULL,NULL,NULL,'2025-02-24 11:44:41','2025-02-24 11:44:41'),(8097,3733,5,0,NULL,NULL,NULL,'2025-02-24 11:44:41','2025-02-24 11:44:41'),(8098,3734,2,0,NULL,NULL,NULL,'2025-02-24 11:44:41','2025-02-24 11:44:41'),(8099,3734,3,0,NULL,NULL,NULL,'2025-02-24 11:44:41','2025-02-24 11:44:41'),(8100,3734,4,0,NULL,NULL,NULL,'2025-02-24 11:44:41','2025-02-24 11:44:41'),(8101,3734,5,0,NULL,NULL,NULL,'2025-02-24 11:44:41','2025-02-24 11:44:41'),(8102,3761,2,0,NULL,NULL,NULL,'2025-02-24 11:44:41','2025-02-24 11:44:41'),(8103,3761,3,0,NULL,NULL,NULL,'2025-02-24 11:44:41','2025-02-24 11:44:41'),(8104,3761,4,0,NULL,NULL,NULL,'2025-02-24 11:44:41','2025-02-24 11:44:41'),(8105,3761,5,0,NULL,NULL,NULL,'2025-02-24 11:44:41','2025-02-24 11:44:41'),(8106,3792,2,0,NULL,NULL,NULL,'2025-02-24 11:44:41','2025-02-24 11:44:41'),(8107,3792,3,0,NULL,NULL,NULL,'2025-02-24 11:44:41','2025-02-24 11:44:41'),(8108,3792,4,0,NULL,NULL,NULL,'2025-02-24 11:44:42','2025-02-24 11:44:42'),(8109,3792,5,0,NULL,NULL,NULL,'2025-02-24 11:44:42','2025-02-24 11:44:42'),(8110,3819,2,0,NULL,NULL,NULL,'2025-02-24 11:44:42','2025-02-24 11:44:42'),(8111,3819,3,0,NULL,NULL,NULL,'2025-02-24 11:44:42','2025-02-24 11:44:42'),(8112,3819,4,0,NULL,NULL,NULL,'2025-02-24 11:44:42','2025-02-24 11:44:42'),(8113,3819,5,0,NULL,NULL,NULL,'2025-02-24 11:44:42','2025-02-24 11:44:42'),(8114,3820,2,0,NULL,NULL,NULL,'2025-02-24 11:44:42','2025-02-24 11:44:42'),(8115,3820,3,0,NULL,NULL,NULL,'2025-02-24 11:44:42','2025-02-24 11:44:42'),(8116,3820,4,0,NULL,NULL,NULL,'2025-02-24 11:44:42','2025-02-24 11:44:42'),(8117,3820,5,0,NULL,NULL,NULL,'2025-02-24 11:44:42','2025-02-24 11:44:42'),(8118,3821,2,0,NULL,NULL,NULL,'2025-02-24 11:44:42','2025-02-24 11:44:42'),(8119,3821,3,0,NULL,NULL,NULL,'2025-02-24 11:44:42','2025-02-24 11:44:42'),(8120,3821,4,0,NULL,NULL,NULL,'2025-02-24 11:44:42','2025-02-24 11:44:42'),(8121,3821,5,0,NULL,NULL,NULL,'2025-02-24 11:44:42','2025-02-24 11:44:42'),(8122,3840,2,0,NULL,NULL,NULL,'2025-02-24 11:44:42','2025-02-24 11:44:42'),(8123,3840,3,0,NULL,NULL,NULL,'2025-02-24 11:44:42','2025-02-24 11:44:42'),(8124,3840,4,0,NULL,NULL,NULL,'2025-02-24 11:44:42','2025-02-24 11:44:42'),(8125,3840,5,0,NULL,NULL,NULL,'2025-02-24 11:44:42','2025-02-24 11:44:42'),(8126,3841,2,0,NULL,NULL,NULL,'2025-02-24 11:44:42','2025-02-24 11:44:42'),(8127,3841,3,0,NULL,NULL,NULL,'2025-02-24 11:44:42','2025-02-24 11:44:42'),(8128,3841,4,0,NULL,NULL,NULL,'2025-02-24 11:44:42','2025-02-24 11:44:42'),(8129,3841,5,0,NULL,NULL,NULL,'2025-02-24 11:44:42','2025-02-24 11:44:42'),(8130,3842,2,0,NULL,NULL,NULL,'2025-02-24 11:44:43','2025-02-24 11:44:43'),(8131,3842,3,0,NULL,NULL,NULL,'2025-02-24 11:44:43','2025-02-24 11:44:43'),(8132,3842,4,0,NULL,NULL,NULL,'2025-02-24 11:44:43','2025-02-24 11:44:43'),(8133,3842,5,0,NULL,NULL,NULL,'2025-02-24 11:44:43','2025-02-24 11:44:43'),(8134,3843,2,0,NULL,NULL,NULL,'2025-02-24 11:44:43','2025-02-24 11:44:43'),(8135,3843,3,0,NULL,NULL,NULL,'2025-02-24 11:44:43','2025-02-24 11:44:43'),(8136,3843,4,0,NULL,NULL,NULL,'2025-02-24 11:44:43','2025-02-24 11:44:43'),(8137,3843,5,0,NULL,NULL,NULL,'2025-02-24 11:44:43','2025-02-24 11:44:43'),(8138,3844,2,0,NULL,NULL,NULL,'2025-02-24 11:44:43','2025-02-24 11:44:43'),(8139,3844,3,0,NULL,NULL,NULL,'2025-02-24 11:44:43','2025-02-24 11:44:43'),(8140,3844,4,0,NULL,NULL,NULL,'2025-02-24 11:44:43','2025-02-24 11:44:43'),(8141,3844,5,0,NULL,NULL,NULL,'2025-02-24 11:44:43','2025-02-24 11:44:43'),(8142,3849,2,0,NULL,NULL,NULL,'2025-02-24 11:44:43','2025-02-24 11:44:43'),(8143,3849,3,0,NULL,NULL,NULL,'2025-02-24 11:44:43','2025-02-24 11:44:43'),(8144,3849,4,0,NULL,NULL,NULL,'2025-02-24 11:44:43','2025-02-24 11:44:43'),(8145,3849,5,0,NULL,NULL,NULL,'2025-02-24 11:44:43','2025-02-24 11:44:43'),(8146,3766,2,1,NULL,NULL,NULL,'2025-03-20 14:48:33','2025-03-20 14:48:33'),(8147,3766,3,0,NULL,NULL,NULL,'2025-03-20 14:48:33','2025-03-20 14:48:33'),(8148,3766,4,0,NULL,NULL,NULL,'2025-03-20 14:48:33','2025-03-20 14:48:33'),(8149,3766,5,0,NULL,NULL,NULL,'2025-03-20 14:48:33','2025-03-20 14:48:33'),(8150,3767,2,1,NULL,NULL,NULL,'2025-03-20 14:50:40','2025-03-20 14:48:33'),(8151,3767,3,0,NULL,NULL,NULL,'2025-03-20 14:48:33','2025-03-20 14:48:33'),(8152,3767,4,0,NULL,NULL,NULL,'2025-03-20 14:48:33','2025-03-20 14:48:33'),(8153,3767,5,0,NULL,NULL,NULL,'2025-03-20 14:48:33','2025-03-20 14:48:33');
/*!40000 ALTER TABLE `__object_field_rw` ENABLE KEYS */;
UNLOCK TABLES;

--
-- Temporary view structure for view `__object_field_rw_list_v`
--

DROP TABLE IF EXISTS `__object_field_rw_list_v`;
/*!50001 DROP VIEW IF EXISTS `__object_field_rw_list_v`*/;
SET @saved_cs_client     = @@character_set_client;
/*!50503 SET character_set_client = utf8mb4 */;
/*!50001 CREATE VIEW `__object_field_rw_list_v` AS SELECT 
 1 AS `searchKey`,
 1 AS `objectID`,
 1 AS `entityNm`,
 1 AS `objectID1`,
 1 AS `objectFieldID1`,
 1 AS `entityNm1`,
 1 AS `id1`,
 1 AS `roleID1`,
 1 AS `fieldRwID1`,
 1 AS `objectID2`,
 1 AS `objectFieldID2`,
 1 AS `entityNm2`,
 1 AS `id2`,
 1 AS `roleID2`,
 1 AS `fieldRwID2`,
 1 AS `objectID3`,
 1 AS `objectFieldID3`,
 1 AS `entityNm3`,
 1 AS `id3`,
 1 AS `roleID3`,
 1 AS `fieldRwID3`,
 1 AS `objectID4`,
 1 AS `objectFieldID4`,
 1 AS `entityNm4`,
 1 AS `id4`,
 1 AS `roleID4`,
 1 AS `fieldRwID4`,
 1 AS `objectID5`,
 1 AS `objectFieldID5`,
 1 AS `entityNm5`,
 1 AS `id5`,
 1 AS `roleID5`,
 1 AS `fieldRwID5`,
 1 AS `objectID6`,
 1 AS `objectFieldID6`,
 1 AS `entityNm6`,
 1 AS `id6`,
 1 AS `roleID6`,
 1 AS `fieldRwID6`,
 1 AS `objectID7`,
 1 AS `objectFieldID7`,
 1 AS `entityNm7`,
 1 AS `id7`,
 1 AS `roleID7`,
 1 AS `fieldRwID7`,
 1 AS `objectID8`,
 1 AS `objectFieldID8`,
 1 AS `entityNm8`,
 1 AS `id8`,
 1 AS `roleID8`,
 1 AS `fieldRwID8`,
 1 AS `CNT`*/;
SET character_set_client = @saved_cs_client;

--
-- Temporary view structure for view `__object_field_rw_v`
--

DROP TABLE IF EXISTS `__object_field_rw_v`;
/*!50001 DROP VIEW IF EXISTS `__object_field_rw_v`*/;
SET @saved_cs_client     = @@character_set_client;
/*!50503 SET character_set_client = utf8mb4 */;
/*!50001 CREATE VIEW `__object_field_rw_v` AS SELECT 
 1 AS `id`,
 1 AS `objectFieldID`,
 1 AS `roleID`,
 1 AS `fieldRwID`,
 1 AS `isVisible`,
 1 AS `isReadOnly`,
 1 AS `modifiedBy`,
 1 AS `modifiedAt`,
 1 AS `createdAt`*/;
SET character_set_client = @saved_cs_client;

--
-- Temporary view structure for view `__object_field_v`
--

DROP TABLE IF EXISTS `__object_field_v`;
/*!50001 DROP VIEW IF EXISTS `__object_field_v`*/;
SET @saved_cs_client     = @@character_set_client;
/*!50503 SET character_set_client = utf8mb4 */;
/*!50001 CREATE VIEW `__object_field_v` AS SELECT 
 1 AS `id`,
 1 AS `objectID`,
 1 AS `name`,
 1 AS `title`,
 1 AS `dataType`,
 1 AS `dataLength`,
 1 AS `NumOfLines`,
 1 AS `width`,
 1 AS `height`,
 1 AS `slctStyle`,
 1 AS `defaultExpression`,
 1 AS `derivedTerm`,
 1 AS `steppedTerm`,
 1 AS `isNotNull`,
 1 AS `baseTable`,
 1 AS `cmbDataSource_void`,
 1 AS `cmbStrainObjNm`,
 1 AS `cmbKeyFldNm`,
 1 AS `foreignObjectID`,
 1 AS `foreignKeyFldNm`,
 1 AS `isMultiSelect`,
 1 AS `isMasterObject`,
 1 AS `isBulkSearchField`,
 1 AS `description`,
 1 AS `accessibility`,
 1 AS `seq`,
 1 AS `seq_order_by`,
 1 AS `modifiedBy`,
 1 AS `modifiedAt`,
 1 AS `createdAt`*/;
SET character_set_client = @saved_cs_client;

--
-- Temporary view structure for view `__object_role_v`
--

DROP TABLE IF EXISTS `__object_role_v`;
/*!50001 DROP VIEW IF EXISTS `__object_role_v`*/;
SET @saved_cs_client     = @@character_set_client;
/*!50503 SET character_set_client = utf8mb4 */;
/*!50001 CREATE VIEW `__object_role_v` AS SELECT 
 1 AS `objectID`,
 1 AS `entityNm`,
 1 AS `r1`,
 1 AS `r2`,
 1 AS `r3`,
 1 AS `r4`,
 1 AS `r5`,
 1 AS `r6`,
 1 AS `r7`,
 1 AS `r8`,
 1 AS `CNT`*/;
SET character_set_client = @saved_cs_client;

--
-- Table structure for table `__object_security`
--

DROP TABLE IF EXISTS `__object_security`;
/*!40101 SET @saved_cs_client     = @@character_set_client */;
/*!50503 SET character_set_client = utf8mb4 */;
CREATE TABLE `__object_security` (
  `id` int NOT NULL AUTO_INCREMENT,
  `objectID` int NOT NULL,
  `roleID` int NOT NULL,
  `isAccessible` tinyint(1) DEFAULT '0',
  `modifiedBy` int DEFAULT NULL,
  `modifiedAt` datetime DEFAULT CURRENT_TIMESTAMP ON UPDATE CURRENT_TIMESTAMP,
  `createdAt` datetime DEFAULT CURRENT_TIMESTAMP,
  PRIMARY KEY (`id`),
  UNIQUE KEY `fk_obj_role` (`objectID`,`roleID`),
  KEY `fk_obj_security_object_idx` (`objectID`) /*!80000 INVISIBLE */,
  CONSTRAINT `fk_obj_security_object` FOREIGN KEY (`objectID`) REFERENCES `__object` (`id`) ON DELETE CASCADE ON UPDATE CASCADE
) ENGINE=InnoDB AUTO_INCREMENT=1158 DEFAULT CHARSET=utf8mb3;
/*!40101 SET character_set_client = @saved_cs_client */;

--
-- Dumping data for table `__object_security`
--

LOCK TABLES `__object_security` WRITE;
/*!40000 ALTER TABLE `__object_security` DISABLE KEYS */;
INSERT INTO `__object_security` VALUES (1111,244,1,1,1,'2025-01-30 10:18:48','2025-01-30 10:18:48'),(1112,245,1,1,1,'2025-01-30 10:19:10','2025-01-30 10:19:10'),(1113,246,1,1,1,'2025-01-30 10:19:32','2025-01-30 10:19:32'),(1114,247,1,1,1,'2025-01-30 10:19:54','2025-01-30 10:19:54'),(1115,248,1,1,1,'2025-01-30 10:22:05','2025-01-30 10:22:05'),(1117,250,1,0,1,'2025-02-09 09:16:42','2025-01-31 08:53:30'),(1118,251,1,1,1,'2025-03-20 14:50:04','2025-01-31 14:25:31'),(1122,254,1,1,1,'2025-02-08 12:42:25','2025-02-08 12:42:25'),(1126,251,2,1,NULL,'2025-03-20 14:46:41','2025-03-20 14:46:41'),(1127,244,2,1,NULL,'2025-03-20 14:47:42','2025-03-20 14:47:28'),(1128,244,3,0,NULL,'2025-03-20 14:47:28','2025-03-20 14:47:28'),(1129,244,4,1,NULL,'2025-03-25 14:06:01','2025-03-20 14:47:28'),(1130,244,5,0,NULL,'2025-03-20 14:47:28','2025-03-20 14:47:28'),(1131,245,2,1,NULL,'2025-03-20 14:47:42','2025-03-20 14:47:28'),(1132,245,3,0,NULL,'2025-03-20 14:47:28','2025-03-20 14:47:28'),(1133,245,4,0,NULL,'2025-03-20 14:47:28','2025-03-20 14:47:28'),(1134,245,5,0,NULL,'2025-03-20 14:47:28','2025-03-20 14:47:28'),(1135,246,2,1,NULL,'2025-03-25 14:12:57','2025-03-20 14:47:28'),(1136,246,3,0,NULL,'2025-03-20 14:47:28','2025-03-20 14:47:28'),(1137,246,4,0,NULL,'2025-03-20 14:47:28','2025-03-20 14:47:28'),(1138,246,5,0,NULL,'2025-03-20 14:47:28','2025-03-20 14:47:28'),(1139,247,2,0,NULL,'2025-03-20 14:47:28','2025-03-20 14:47:28'),(1140,247,3,0,NULL,'2025-03-20 14:47:28','2025-03-20 14:47:28'),(1141,247,4,0,NULL,'2025-03-20 14:47:28','2025-03-20 14:47:28'),(1142,247,5,0,NULL,'2025-03-20 14:47:28','2025-03-20 14:47:28'),(1143,248,2,0,NULL,'2025-03-20 14:47:28','2025-03-20 14:47:28'),(1144,248,3,0,NULL,'2025-03-20 14:47:28','2025-03-20 14:47:28'),(1145,248,4,0,NULL,'2025-03-20 14:47:28','2025-03-20 14:47:28'),(1146,248,5,0,NULL,'2025-03-20 14:47:28','2025-03-20 14:47:28'),(1147,250,2,0,NULL,'2025-03-20 14:47:28','2025-03-20 14:47:28'),(1148,250,3,0,NULL,'2025-03-20 14:47:28','2025-03-20 14:47:28'),(1149,250,4,0,NULL,'2025-03-20 14:47:28','2025-03-20 14:47:28'),(1150,250,5,0,NULL,'2025-03-20 14:47:28','2025-03-20 14:47:28'),(1151,251,3,0,NULL,'2025-03-20 14:47:28','2025-03-20 14:47:28'),(1152,251,4,0,NULL,'2025-03-20 14:47:28','2025-03-20 14:47:28'),(1153,251,5,0,NULL,'2025-03-20 14:47:28','2025-03-20 14:47:28'),(1154,254,2,0,NULL,'2025-03-20 14:47:28','2025-03-20 14:47:28'),(1155,254,3,0,NULL,'2025-03-20 14:47:28','2025-03-20 14:47:28'),(1156,254,4,0,NULL,'2025-03-20 14:47:28','2025-03-20 14:47:28'),(1157,254,5,0,NULL,'2025-03-20 14:47:28','2025-03-20 14:47:28');
/*!40000 ALTER TABLE `__object_security` ENABLE KEYS */;
UNLOCK TABLES;

--
-- Temporary view structure for view `__object_security_list_v`
--

DROP TABLE IF EXISTS `__object_security_list_v`;
/*!50001 DROP VIEW IF EXISTS `__object_security_list_v`*/;
SET @saved_cs_client     = @@character_set_client;
/*!50503 SET character_set_client = utf8mb4 */;
/*!50001 CREATE VIEW `__object_security_list_v` AS SELECT 
 1 AS `searchKey`,
 1 AS `objectID`,
 1 AS `entityNm`,
 1 AS `objectID1`,
 1 AS `entityNm1`,
 1 AS `id1`,
 1 AS `roleID1`,
 1 AS `isAccessible1`,
 1 AS `objectID2`,
 1 AS `entityNm2`,
 1 AS `id2`,
 1 AS `roleID2`,
 1 AS `isAccessible2`,
 1 AS `objectID3`,
 1 AS `entityNm3`,
 1 AS `id3`,
 1 AS `roleID3`,
 1 AS `isAccessible3`,
 1 AS `objectID4`,
 1 AS `entityNm4`,
 1 AS `id4`,
 1 AS `roleID4`,
 1 AS `isAccessible4`,
 1 AS `objectID5`,
 1 AS `entityNm5`,
 1 AS `id5`,
 1 AS `roleID5`,
 1 AS `isAccessible5`,
 1 AS `entityNm6`,
 1 AS `objectID6`,
 1 AS `id6`,
 1 AS `roleID6`,
 1 AS `isAccessible6`,
 1 AS `objectID7`,
 1 AS `entityNm7`,
 1 AS `id7`,
 1 AS `roleID7`,
 1 AS `isAccessible7`,
 1 AS `objectID8`,
 1 AS `entityNm8`,
 1 AS `id8`,
 1 AS `roleID8`,
 1 AS `isAccessible8`,
 1 AS `CNT`*/;
SET character_set_client = @saved_cs_client;

--
-- Temporary view structure for view `__object_security_v`
--

DROP TABLE IF EXISTS `__object_security_v`;
/*!50001 DROP VIEW IF EXISTS `__object_security_v`*/;
SET @saved_cs_client     = @@character_set_client;
/*!50503 SET character_set_client = utf8mb4 */;
/*!50001 CREATE VIEW `__object_security_v` AS SELECT 
 1 AS `id`,
 1 AS `objectID`,
 1 AS `roleID`,
 1 AS `isAccessible`,
 1 AS `modifiedBy`,
 1 AS `modifiedAt`,
 1 AS `createdAt`*/;
SET character_set_client = @saved_cs_client;

--
-- Temporary view structure for view `__object_v`
--

DROP TABLE IF EXISTS `__object_v`;
/*!50001 DROP VIEW IF EXISTS `__object_v`*/;
SET @saved_cs_client     = @@character_set_client;
/*!50503 SET character_set_client = utf8mb4 */;
/*!50001 CREATE VIEW `__object_v` AS SELECT 
 1 AS `id`,
 1 AS `name`,
 1 AS `title`,
 1 AS `dbName`,
 1 AS `runningType`,
 1 AS `searchFieldNm`,
 1 AS `masterObjectID`,
 1 AS `bulkSourceObjectID`,
 1 AS `drillDownObjectID_void`,
 1 AS `drillDownFieldNm_void`,
 1 AS `triggerNm`,
 1 AS `descriptions`,
 1 AS `accessibility`,
 1 AS `defaultViewID`,
 1 AS `seq`,
 1 AS `modifiedBy`,
 1 AS `modifiedAt`,
 1 AS `createdAt`*/;
SET character_set_client = @saved_cs_client;

--
-- Table structure for table `__report`
--

DROP TABLE IF EXISTS `__report`;
/*!40101 SET @saved_cs_client     = @@character_set_client */;
/*!50503 SET character_set_client = utf8mb4 */;
CREATE TABLE `__report` (
  `id` int NOT NULL AUTO_INCREMENT,
  `name` tinytext NOT NULL,
  `title` varchar(45) DEFAULT NULL,
  `objectID` int NOT NULL DEFAULT '0',
  `recordTypeID` int DEFAULT '0',
  `pageSize` char(2) NOT NULL DEFAULT '0',
  `orientation` char(10) NOT NULL DEFAULT '0',
  `foreignKeyFieldID` int DEFAULT '0',
  `scopeRelFieldID` int DEFAULT '0',
  `modifiedBy` int DEFAULT NULL,
  `modifiedAt` timestamp NULL DEFAULT CURRENT_TIMESTAMP ON UPDATE CURRENT_TIMESTAMP,
  `createdAt` datetime DEFAULT CURRENT_TIMESTAMP,
  PRIMARY KEY (`id`)
) ENGINE=InnoDB AUTO_INCREMENT=5 DEFAULT CHARSET=utf8mb3;
/*!40101 SET character_set_client = @saved_cs_client */;

--
-- Dumping data for table `__report`
--

LOCK TABLES `__report` WRITE;
/*!40000 ALTER TABLE `__report` DISABLE KEYS */;
/*!40000 ALTER TABLE `__report` ENABLE KEYS */;
UNLOCK TABLES;

--
-- Table structure for table `__report_schema`
--

DROP TABLE IF EXISTS `__report_schema`;
/*!40101 SET @saved_cs_client     = @@character_set_client */;
/*!50503 SET character_set_client = utf8mb4 */;
CREATE TABLE `__report_schema` (
  `id` int NOT NULL AUTO_INCREMENT,
  `reportID` int DEFAULT NULL,
  `type` varchar(45) DEFAULT NULL,
  `align` varchar(45) DEFAULT NULL,
  `v_align` varchar(45) DEFAULT NULL,
  `border` decimal(1,0) DEFAULT NULL,
  `width_1stCol` decimal(4,1) NOT NULL DEFAULT '0.0',
  `width_2ndCol` decimal(4,1) DEFAULT '0.0',
  `width_midCol` decimal(4,1) DEFAULT '0.0',
  `width_1stTailCol` decimal(4,1) DEFAULT '0.0',
  `width_2ndTailCol` decimal(4,1) DEFAULT '0.0',
  `height` decimal(3,0) DEFAULT NULL,
  `fontSize` decimal(3,0) DEFAULT NULL,
  `sourceData` text,
  `numOfCols` int DEFAULT NULL,
  `numOfRows` int DEFAULT NULL,
  `isHeaderReq` tinyint DEFAULT NULL,
  `modifiedBy` int DEFAULT NULL,
  `modifiedAt` timestamp NULL DEFAULT CURRENT_TIMESTAMP ON UPDATE CURRENT_TIMESTAMP,
  `createdAt` datetime DEFAULT CURRENT_TIMESTAMP,
  PRIMARY KEY (`id`),
  KEY `report_idx` (`reportID`),
  CONSTRAINT `report` FOREIGN KEY (`reportID`) REFERENCES `__report` (`id`) ON DELETE CASCADE ON UPDATE CASCADE
) ENGINE=InnoDB AUTO_INCREMENT=26 DEFAULT CHARSET=utf8mb3;
/*!40101 SET character_set_client = @saved_cs_client */;

--
-- Dumping data for table `__report_schema`
--

LOCK TABLES `__report_schema` WRITE;
/*!40000 ALTER TABLE `__report_schema` DISABLE KEYS */;
/*!40000 ALTER TABLE `__report_schema` ENABLE KEYS */;
UNLOCK TABLES;

--
-- Temporary view structure for view `__report_schema_v`
--

DROP TABLE IF EXISTS `__report_schema_v`;
/*!50001 DROP VIEW IF EXISTS `__report_schema_v`*/;
SET @saved_cs_client     = @@character_set_client;
/*!50503 SET character_set_client = utf8mb4 */;
/*!50001 CREATE VIEW `__report_schema_v` AS SELECT 
 1 AS `id`,
 1 AS `reportID`,
 1 AS `type`,
 1 AS `align`,
 1 AS `v_align`,
 1 AS `border`,
 1 AS `width_1stCol`,
 1 AS `width_2ndCol`,
 1 AS `width_midCol`,
 1 AS `width_1stTailCol`,
 1 AS `width_2ndTailCol`,
 1 AS `height`,
 1 AS `fontSize`,
 1 AS `sourceData`,
 1 AS `numOfCols`,
 1 AS `numOfRows`,
 1 AS `isHeaderReq`,
 1 AS `modifiedBy`,
 1 AS `modifiedAt`,
 1 AS `createdAt`*/;
SET character_set_client = @saved_cs_client;

--
-- Table structure for table `__report_scope`
--

DROP TABLE IF EXISTS `__report_scope`;
/*!40101 SET @saved_cs_client     = @@character_set_client */;
/*!50503 SET character_set_client = utf8mb4 */;
CREATE TABLE `__report_scope` (
  `id` int NOT NULL AUTO_INCREMENT,
  `reportID` int NOT NULL,
  `caption` varchar(45) NOT NULL,
  `scope` varchar(45) DEFAULT NULL,
  `seq` int DEFAULT NULL,
  `modifiedBy` int DEFAULT NULL,
  `modifiedAt` datetime DEFAULT CURRENT_TIMESTAMP ON UPDATE CURRENT_TIMESTAMP,
  `createdAt` datetime DEFAULT CURRENT_TIMESTAMP,
  PRIMARY KEY (`id`)
) ENGINE=InnoDB AUTO_INCREMENT=7 DEFAULT CHARSET=utf8mb3;
/*!40101 SET character_set_client = @saved_cs_client */;

--
-- Dumping data for table `__report_scope`
--

LOCK TABLES `__report_scope` WRITE;
/*!40000 ALTER TABLE `__report_scope` DISABLE KEYS */;
INSERT INTO `__report_scope` VALUES (1,1,'本日分のみ印刷','id',1,1,'2024-08-06 10:07:01','2024-01-23 15:06:11'),(2,1,'当月分すべて印刷','thisMonth',2,1,'2024-08-06 10:07:01','2024-01-23 15:06:11'),(3,3,'出席簿','id',3,1,'2024-11-27 14:32:02','2024-04-30 10:40:33'),(4,2,'本日分のみ印刷','id',1,1,'2024-08-06 10:07:01','2024-04-30 11:57:04'),(5,2,'当月分すべて印刷','thisMonth',2,1,'2024-08-06 10:07:01','2024-04-30 11:57:25'),(6,4,'出席簿','id',3,1,'2024-11-27 14:32:01','2024-04-30 10:40:33');
/*!40000 ALTER TABLE `__report_scope` ENABLE KEYS */;
UNLOCK TABLES;

--
-- Temporary view structure for view `__report_scope_v`
--

DROP TABLE IF EXISTS `__report_scope_v`;
/*!50001 DROP VIEW IF EXISTS `__report_scope_v`*/;
SET @saved_cs_client     = @@character_set_client;
/*!50503 SET character_set_client = utf8mb4 */;
/*!50001 CREATE VIEW `__report_scope_v` AS SELECT 
 1 AS `id`,
 1 AS `reportID`,
 1 AS `caption`,
 1 AS `scope`,
 1 AS `seq`,
 1 AS `modifiedBy`,
 1 AS `modifiedAt`,
 1 AS `createdAt`*/;
SET character_set_client = @saved_cs_client;

--
-- Temporary view structure for view `__report_v`
--

DROP TABLE IF EXISTS `__report_v`;
/*!50001 DROP VIEW IF EXISTS `__report_v`*/;
SET @saved_cs_client     = @@character_set_client;
/*!50503 SET character_set_client = utf8mb4 */;
/*!50001 CREATE VIEW `__report_v` AS SELECT 
 1 AS `id`,
 1 AS `name`,
 1 AS `title`,
 1 AS `objectID`,
 1 AS `recordTypeID`,
 1 AS `pageSize`,
 1 AS `orientation`,
 1 AS `foreignKeyFieldID`,
 1 AS `scopeRelFieldID`,
 1 AS `modifiedBy`,
 1 AS `modifiedAt`,
 1 AS `createdAt`*/;
SET character_set_client = @saved_cs_client;

--
-- Table structure for table `__systemini`
--

DROP TABLE IF EXISTS `__systemini`;
/*!40101 SET @saved_cs_client     = @@character_set_client */;
/*!50503 SET character_set_client = utf8mb4 */;
CREATE TABLE `__systemini` (
  `id` int DEFAULT NULL,
  `baseUrl` varchar(250) NOT NULL,
  `appNm` varchar(45) DEFAULT NULL,
  `portalViewID` int NOT NULL,
  `numOfColms` int DEFAULT NULL,
  `maxLinesInPage` int NOT NULL DEFAULT '20',
  `language` tinytext,
  `modifiedBy` int NOT NULL,
  `modifiedAt` datetime NOT NULL DEFAULT CURRENT_TIMESTAMP ON UPDATE CURRENT_TIMESTAMP,
  `createdAt` datetime NOT NULL DEFAULT CURRENT_TIMESTAMP,
  `__systeminicol` varchar(45) DEFAULT NULL,
  PRIMARY KEY (`baseUrl`,`maxLinesInPage`)
) ENGINE=InnoDB DEFAULT CHARSET=utf8mb3;
/*!40101 SET character_set_client = @saved_cs_client */;

--
-- Dumping data for table `__systemini`
--

LOCK TABLES `__systemini` WRITE;
/*!40000 ALTER TABLE `__systemini` DISABLE KEYS */;
INSERT INTO `__systemini` VALUES (1,'http://127.0.0.1:5000/','invt2',101,2,10,'jpn',1,'2025-03-26 08:57:53','2024-11-01 10:13:35',NULL);
/*!40000 ALTER TABLE `__systemini` ENABLE KEYS */;
UNLOCK TABLES;

--
-- Table structure for table `__trigger`
--

DROP TABLE IF EXISTS `__trigger`;
/*!40101 SET @saved_cs_client     = @@character_set_client */;
/*!50503 SET character_set_client = utf8mb4 */;
CREATE TABLE `__trigger` (
  `id` int NOT NULL AUTO_INCREMENT,
  `objectID` int NOT NULL,
  `name` varchar(45) NOT NULL,
  `type` varchar(45) NOT NULL,
  `sqls` varchar(1000) DEFAULT NULL,
  `modifiedBy` int DEFAULT NULL,
  `modifiedAt` timestamp NULL DEFAULT CURRENT_TIMESTAMP ON UPDATE CURRENT_TIMESTAMP,
  `createdAt` datetime DEFAULT CURRENT_TIMESTAMP,
  PRIMARY KEY (`id`)
) ENGINE=InnoDB AUTO_INCREMENT=81 DEFAULT CHARSET=utf8mb3;
/*!40101 SET character_set_client = @saved_cs_client */;

--
-- Dumping data for table `__trigger`
--

LOCK TABLES `__trigger` WRITE;
/*!40000 ALTER TABLE `__trigger` DISABLE KEYS */;
/*!40000 ALTER TABLE `__trigger` ENABLE KEYS */;
UNLOCK TABLES;

--
-- Temporary view structure for view `__trigger_v`
--

DROP TABLE IF EXISTS `__trigger_v`;
/*!50001 DROP VIEW IF EXISTS `__trigger_v`*/;
SET @saved_cs_client     = @@character_set_client;
/*!50503 SET character_set_client = utf8mb4 */;
/*!50001 CREATE VIEW `__trigger_v` AS SELECT 
 1 AS `id`,
 1 AS `objectID`,
 1 AS `name`,
 1 AS `type`,
 1 AS `sqls`,
 1 AS `modifiedBy`,
 1 AS `modifiedAt`,
 1 AS `createdAt`*/;
SET character_set_client = @saved_cs_client;

--
-- Temporary view structure for view `__viewdata_v`
--

DROP TABLE IF EXISTS `__viewdata_v`;
/*!50001 DROP VIEW IF EXISTS `__viewdata_v`*/;
SET @saved_cs_client     = @@character_set_client;
/*!50503 SET character_set_client = utf8mb4 */;
/*!50001 CREATE VIEW `__viewdata_v` AS SELECT 
 1 AS `viewID`,
 1 AS `fObjNm`,
 1 AS `fieldOperator`,
 1 AS `value`,
 1 AS `andOr`,
 1 AS `name`,
 1 AS `dataType`,
 1 AS `derivedTerm`,
 1 AS `id`*/;
SET character_set_client = @saved_cs_client;

--
-- Temporary view structure for view `invtcur_v`
--

DROP TABLE IF EXISTS `invtcur_v`;
/*!50001 DROP VIEW IF EXISTS `invtcur_v`*/;
SET @saved_cs_client     = @@character_set_client;
/*!50503 SET character_set_client = utf8mb4 */;
/*!50001 CREATE VIEW `invtcur_v` AS SELECT 
 1 AS `product`,
 1 AS `quantity_arv`,
 1 AS `quantity_shp`,
 1 AS `quantity`*/;
SET character_set_client = @saved_cs_client;

--
-- Dumping routines for database 'dframe_invt2'
--

--
-- Final view structure for view `__app_object_v`
--

/*!50001 DROP VIEW IF EXISTS `__app_object_v`*/;
/*!50001 SET @saved_cs_client          = @@character_set_client */;
/*!50001 SET @saved_cs_results         = @@character_set_results */;
/*!50001 SET @saved_col_connection     = @@collation_connection */;
/*!50001 SET character_set_client      = utf8mb4 */;
/*!50001 SET character_set_results     = utf8mb4 */;
/*!50001 SET collation_connection      = utf8mb4_0900_ai_ci */;
/*!50001 CREATE ALGORITHM=UNDEFINED */
/*!50013 DEFINER=`root`@`localhost` SQL SECURITY DEFINER */
/*!50001 VIEW `__app_object_v` AS select `__object`.`id` AS `id`,`__object`.`title` AS `name` from `__object` */;
/*!50001 SET character_set_client      = @saved_cs_client */;
/*!50001 SET character_set_results     = @saved_cs_results */;
/*!50001 SET collation_connection      = @saved_col_connection */;

--
-- Final view structure for view `__formcolms_v`
--

/*!50001 DROP VIEW IF EXISTS `__formcolms_v`*/;
/*!50001 SET @saved_cs_client          = @@character_set_client */;
/*!50001 SET @saved_cs_results         = @@character_set_results */;
/*!50001 SET @saved_col_connection     = @@collation_connection */;
/*!50001 SET character_set_client      = utf8mb4 */;
/*!50001 SET character_set_results     = utf8mb4 */;
/*!50001 SET collation_connection      = utf8mb4_0900_ai_ci */;
/*!50001 CREATE ALGORITHM=UNDEFINED */
/*!50013 DEFINER=`root`@`localhost` SQL SECURITY DEFINER */
/*!50001 VIEW `__formcolms_v` AS select distinct `obf`.`objectID` AS `objectID`,`obf`.`accountID` AS `accountID`,`obf`.`id` AS `id`,0 AS `position`,`obf`.`name` AS `name`,ifnull(`dic`.`toString`,`obf`.`title`) AS `title`,`obf`.`dataType` AS `dataType`,`obf`.`defaultExpression` AS `defaultExpression`,(case when (`obf`.`NumOfLines` > 1) then `obf`.`NumOfLines` else 1 end) AS `numOfLines`,`obf`.`baseTable` AS `baseTable`,`obf`.`slctStyle` AS `slctStyle`,ifnull(`obf`.`cmbKeyFldNm`,'') AS `cmbKeyFldNm`,ifnull(`obf`.`cmbStrainObjNm`,'') AS `cmbStrainObjNm`,ifnull(`obf`.`derivedTerm`,'') AS `derivedTerm`,ifnull(`obf`.`foreignObjectID`,0) AS `foreignObjectID`,ifnull(`obf`.`foreignKeyFldNm`,'') AS `foreignKeyFldNm`,ifnull(`obf`.`width`,'') AS `width`,ifnull(`obf`.`height`,'') AS `height`,`obf`.`isMasterObject` AS `isMasterObject`,`obf`.`isBulkSearchField` AS `isBulkSearchField`,`obf`.`isMultiSelect` AS `isMultiSelect`,(case when (`obf`.`name` in ('id','modifiedBy','modifiedAt','createdAt')) then 1 when (`rw`.`fieldRwID` is null) then 0 when (`rw`.`fieldRwID` in (0,3)) then 0 else 1 end) AS `isVisible`,(case when (`obf`.`name` in ('id','modifiedBy','modifiedAt','createdAt')) then 1 when (`rw`.`fieldRwID` is null) then 1 when (`rw`.`fieldRwID` in (2,3)) then 0 else 1 end) AS `isReadOnly`,`obf`.`isNotNull` AS `isNotNull`,`obf`.`description` AS `description`,`obf`.`defaultViewID` AS `defaultViewID`,`obf`.`seq` AS `seq`,`dic`.`numOfColms` AS `numOfColms` from (((select `a`.`id` AS `accountID`,`r`.`id` AS `roleID`,`o`.`defaultViewID` AS `defaultViewID`,`f`.`id` AS `id`,`f`.`objectID` AS `objectID`,`f`.`name` AS `name`,`f`.`title` AS `title`,`f`.`dataType` AS `dataType`,`f`.`dataLength` AS `dataLength`,`f`.`NumOfLines` AS `NumOfLines`,`f`.`width` AS `width`,`f`.`height` AS `height`,`f`.`slctStyle` AS `slctStyle`,`f`.`defaultExpression` AS `defaultExpression`,`f`.`derivedTerm` AS `derivedTerm`,`f`.`steppedTerm` AS `steppedTerm`,`f`.`isNotNull` AS `isNotNull`,`f`.`baseTable` AS `baseTable`,`f`.`cmbDataSource_void` AS `cmbDataSource_void`,`f`.`cmbStrainObjNm` AS `cmbStrainObjNm`,`f`.`cmbKeyFldNm` AS `cmbKeyFldNm`,`f`.`foreignObjectID` AS `foreignObjectID`,`f`.`foreignKeyFldNm` AS `foreignKeyFldNm`,`f`.`isMultiSelect` AS `isMultiSelect`,`f`.`isMasterObject` AS `isMasterObject`,`f`.`isBulkSearchField` AS `isBulkSearchField`,`f`.`description` AS `description`,`f`.`accessibility` AS `accessibility`,`f`.`seq` AS `seq`,`f`.`seq_order_by` AS `seq_order_by`,`f`.`modifiedBy` AS `modifiedBy`,`f`.`modifiedAt` AS `modifiedAt`,`f`.`createdAt` AS `createdAt` from ((`dframe`.`__account` `a` join `dframe`.`__role` `r` on((`a`.`roleID` = `r`.`id`))) join (`__object_field_v` `f` join `__object_v` `o` on((`f`.`objectID` = `o`.`id`))))) `obf` left join `__object_field_rw_v` `rw` on(((`obf`.`id` = `rw`.`objectFieldID`) and (`rw`.`roleID` = `obf`.`roleID`)))) left join (select `cd`.`toString` AS `toString`,`cd`.`ordinaryWord` AS `ordinaryWord`,`si`.`numOfColms` AS `numOfColms` from (`dframe`.`__caption_dic` `cd` join `__systemini` `si` on((`si`.`language` = `cd`.`language`)))) `dic` on((`obf`.`title` = `dic`.`ordinaryWord`))) order by `obf`.`seq` */;
/*!50001 SET character_set_client      = @saved_cs_client */;
/*!50001 SET character_set_results     = @saved_cs_results */;
/*!50001 SET collation_connection      = @saved_col_connection */;

--
-- Final view structure for view `__formdata_v`
--

/*!50001 DROP VIEW IF EXISTS `__formdata_v`*/;
/*!50001 SET @saved_cs_client          = @@character_set_client */;
/*!50001 SET @saved_cs_results         = @@character_set_results */;
/*!50001 SET @saved_col_connection     = @@collation_connection */;
/*!50001 SET character_set_client      = utf8mb4 */;
/*!50001 SET character_set_results     = utf8mb4 */;
/*!50001 SET collation_connection      = utf8mb4_0900_ai_ci */;
/*!50001 CREATE ALGORITHM=UNDEFINED */
/*!50013 DEFINER=`root`@`localhost` SQL SECURITY DEFINER */
/*!50001 VIEW `__formdata_v` AS select distinct `o`.`id` AS `objectID`,`f`.`name` AS `name`,ifnull(`dic`.`toString`,`f`.`title`) AS `title`,`f`.`dataType` AS `dataType`,`f`.`defaultExpression` AS `defaultExpression`,`f`.`steppedTerm` AS `steppedTerm`,(case when (`f`.`cmbStrainObjNm` > '') then ifnull(`f`.`derivedTerm`,'title') else `f`.`derivedTerm` end) AS `derivedTerm`,`f`.`cmbStrainObjNm` AS `cmbStrainObjNm`,(case when (`f`.`cmbStrainObjNm` > '') then ifnull(`f`.`cmbKeyFldNm`,'value') else `f`.`cmbKeyFldNm` end) AS `cmbKeyFldNm`,concat((case when (`orel`.`dbName` = 'socket') then concat('dframe_',`sys`.`appNm`,'.',`orel`.`name`,'_v') when (`orel`.`dbName` = 'socketObject') then concat('dframe_',`sys`.`appNm`,'.',`orel`.`name`) else concat(`orel`.`dbName`,'.',`orel`.`name`) end)) AS `foreignObjectNm`,`f`.`isMultiSelect` AS `isMultiSelect`,(case when (`orel`.`name` is not null) then concat(`orel`.`name`,'_',`f`.`name`) else '' end) AS `foreignObjAlias`,ifnull(`f`.`foreignKeyFldNm`,'') AS `foreignKeyFldNm`,ifnull(`f`.`isMasterObject`,0) AS `isMasterObject`,(case when (`o`.`dbName` = 'socket') then concat('dframe_',`sys`.`appNm`,'.',`o`.`name`,'_v') when (`o`.`dbName` = 'socketObject') then concat('dframe_',`sys`.`appNm`,'.',`o`.`name`) else concat(`o`.`dbName`,'.',`o`.`name`) end) AS `from`,`o`.`dbName` AS `dbName`,`f`.`isBulkSearchField` AS `bulkSearch`,`f`.`dataLength` AS `dataLength`,ifnull(`o`.`defaultViewID`,0) AS `defaultViewID`,`f`.`seq` AS `seq`,`f`.`seq_order_by` AS `seq_order_by` from ((((`__object_field_v` `f` join `__object_v` `o` on((`o`.`id` = `f`.`objectID`))) left join (select distinct `cd`.`toString` AS `toString`,`cd`.`ordinaryWord` AS `ordinaryWord` from (`dframe`.`__caption_dic` `cd` join `__systemini` `si` on((`si`.`language` = `cd`.`language`)))) `dic` on((`f`.`title` = `dic`.`ordinaryWord`))) left join `__object_v` `orel` on(((`orel`.`id` = `f`.`foreignObjectID`) and (`f`.`foreignObjectID` > 0)))) join `__systemini` `sys`) where (`sys`.`id` = 1) order by `f`.`seq` */;
/*!50001 SET character_set_client      = @saved_cs_client */;
/*!50001 SET character_set_results     = @saved_cs_results */;
/*!50001 SET collation_connection      = @saved_col_connection */;

--
-- Final view structure for view `__formlinkage_v`
--

/*!50001 DROP VIEW IF EXISTS `__formlinkage_v`*/;
/*!50001 SET @saved_cs_client          = @@character_set_client */;
/*!50001 SET @saved_cs_results         = @@character_set_results */;
/*!50001 SET @saved_col_connection     = @@collation_connection */;
/*!50001 SET character_set_client      = utf8mb4 */;
/*!50001 SET character_set_results     = utf8mb4 */;
/*!50001 SET collation_connection      = utf8mb4_0900_ai_ci */;
/*!50001 CREATE ALGORITHM=UNDEFINED */
/*!50013 DEFINER=`root`@`localhost` SQL SECURITY DEFINER */
/*!50001 VIEW `__formlinkage_v` AS select distinct `o`.`id` AS `objectID`,ifnull(`rep`.`reportID`,0) AS `reportID`,ifnull(`rep`.`RecordTypeID`,0) AS `RecordTypeID`,`o`.`name` AS `objName`,`rep`.`caption` AS `caption`,`rep`.`scope` AS `scope`,ifnull(`c`.`id`,0) AS `childObjID`,`c`.`name` AS `childObjNm`,ifnull(`dic`.`toString`,`c`.`title`) AS `childObjTitle`,ifnull(`rep`.`seq`,`c`.`id`) AS `seq` from (((`__object_v` `o` left join `__object_v` `c` on(((`c`.`masterObjectID` = `o`.`id`) and (`c`.`bulkSourceObjectID` = 0)))) left join (select `r`.`id` AS `reportID`,`r`.`objectID` AS `objectID`,ifnull(`s`.`caption`,`r`.`title`) AS `caption`,`s`.`scope` AS `scope`,ifnull(`s`.`seq`,`r`.`id`) AS `seq`,`r`.`recordTypeID` AS `RecordTypeID` from (`__report_v` `r` join `__report_scope` `s` on(((`r`.`id` = `s`.`reportID`) and ((`r`.`recordTypeID` <> 0) or (`r`.`recordTypeID` = 0)))))) `rep` on((`rep`.`objectID` = `o`.`id`))) left join (select `cd`.`toString` AS `toString`,`cd`.`ordinaryWord` AS `ordinaryWord` from (`dframe`.`__caption_dic` `cd` join `__systemini` `si` on((`si`.`language` = `cd`.`language`)))) `dic` on((`c`.`title` = `dic`.`ordinaryWord`))) */;
/*!50001 SET character_set_client      = @saved_cs_client */;
/*!50001 SET character_set_results     = @saved_cs_results */;
/*!50001 SET collation_connection      = @saved_col_connection */;

--
-- Final view structure for view `__formprpty_v`
--

/*!50001 DROP VIEW IF EXISTS `__formprpty_v`*/;
/*!50001 SET @saved_cs_client          = @@character_set_client */;
/*!50001 SET @saved_cs_results         = @@character_set_results */;
/*!50001 SET @saved_col_connection     = @@collation_connection */;
/*!50001 SET character_set_client      = utf8mb4 */;
/*!50001 SET character_set_results     = utf8mb4 */;
/*!50001 SET collation_connection      = utf8mb4_0900_ai_ci */;
/*!50001 CREATE ALGORITHM=UNDEFINED */
/*!50013 DEFINER=`root`@`localhost` SQL SECURITY DEFINER */
/*!50001 VIEW `__formprpty_v` AS select `a`.`id` AS `accountID`,`o`.`id` AS `id`,`s`.`appNm` AS `appNm`,`s`.`numOfColms` AS `numOfColms`,`s`.`maxLinesInPage` AS `maxLinesInPage`,`o`.`name` AS `name`,`o`.`runningType` AS `runningType`,ifnull(`dic`.`toString`,`o`.`title`) AS `title`,`os`.`isAccessible` AS `isAccessible`,`o`.`masterObjectID` AS `masterObjectID`,`o`.`triggerNm` AS `triggerNm`,`o`.`bulkSourceObjectID` AS `bulkSourceObjectID`,`o`.`descriptions` AS `descriptions` from (((((`__object_v` `o` left join `__object_security_v` `os` on((`o`.`id` = `os`.`objectID`))) left join `dframe`.`__role` `r` on((`r`.`id` = `os`.`roleID`))) left join `dframe`.`__account` `a` on((`a`.`roleID` = `r`.`id`))) left join (select `cd`.`toString` AS `toString`,`cd`.`ordinaryWord` AS `ordinaryWord` from (`dframe`.`__caption_dic` `cd` join `__systemini` `si` on((`si`.`language` = `cd`.`language`)))) `dic` on((`o`.`title` = `dic`.`ordinaryWord`))) join `__systemini` `s`) where (`s`.`id` = 1) */;
/*!50001 SET character_set_client      = @saved_cs_client */;
/*!50001 SET character_set_results     = @saved_cs_results */;
/*!50001 SET collation_connection      = @saved_col_connection */;

--
-- Final view structure for view `__list_view_field_v`
--

/*!50001 DROP VIEW IF EXISTS `__list_view_field_v`*/;
/*!50001 SET @saved_cs_client          = @@character_set_client */;
/*!50001 SET @saved_cs_results         = @@character_set_results */;
/*!50001 SET @saved_col_connection     = @@collation_connection */;
/*!50001 SET character_set_client      = utf8mb4 */;
/*!50001 SET character_set_results     = utf8mb4 */;
/*!50001 SET collation_connection      = utf8mb4_0900_ai_ci */;
/*!50001 CREATE ALGORITHM=UNDEFINED */
/*!50013 DEFINER=`root`@`localhost` SQL SECURITY DEFINER */
/*!50001 VIEW `__list_view_field_v` AS select `dframe`.`__list_view_field`.`id` AS `id`,`dframe`.`__list_view_field`.`listViewID` AS `listViewID`,`dframe`.`__list_view_field`.`objectFieldID` AS `objectFieldID`,`dframe`.`__list_view_field`.`seq` AS `seq`,`dframe`.`__list_view_field`.`modifiedBy` AS `modifiedBy`,`dframe`.`__list_view_field`.`modifiedAt` AS `modifiedAt`,`dframe`.`__list_view_field`.`createdAt` AS `createdAt` from `dframe`.`__list_view_field` union select `__list_view_field`.`id` AS `id`,`__list_view_field`.`listViewID` AS `listViewID`,`__list_view_field`.`objectFieldID` AS `objectFieldID`,`__list_view_field`.`seq` AS `seq`,`__list_view_field`.`modifiedBy` AS `modifiedBy`,`__list_view_field`.`modifiedAt` AS `modifiedAt`,`__list_view_field`.`createdAt` AS `createdAt` from `__list_view_field` */;
/*!50001 SET character_set_client      = @saved_cs_client */;
/*!50001 SET character_set_results     = @saved_cs_results */;
/*!50001 SET collation_connection      = @saved_col_connection */;

--
-- Final view structure for view `__list_view_filter_v`
--

/*!50001 DROP VIEW IF EXISTS `__list_view_filter_v`*/;
/*!50001 SET @saved_cs_client          = @@character_set_client */;
/*!50001 SET @saved_cs_results         = @@character_set_results */;
/*!50001 SET @saved_col_connection     = @@collation_connection */;
/*!50001 SET character_set_client      = utf8mb4 */;
/*!50001 SET character_set_results     = utf8mb4 */;
/*!50001 SET collation_connection      = utf8mb4_0900_ai_ci */;
/*!50001 CREATE ALGORITHM=UNDEFINED */
/*!50013 DEFINER=`root`@`localhost` SQL SECURITY DEFINER */
/*!50001 VIEW `__list_view_filter_v` AS select `dframe`.`__list_view_filter`.`id` AS `id`,`dframe`.`__list_view_filter`.`listViewID` AS `listViewID`,`dframe`.`__list_view_filter`.`objectFieldID` AS `objectFieldID`,`dframe`.`__list_view_filter`.`fieldOperator` AS `fieldOperator`,`dframe`.`__list_view_filter`.`value` AS `value`,`dframe`.`__list_view_filter`.`andOr` AS `andOr`,`dframe`.`__list_view_filter`.`modifiedBy` AS `modifiedBy`,`dframe`.`__list_view_filter`.`modifiedAt` AS `modifiedAt`,`dframe`.`__list_view_filter`.`createdAt` AS `createdAt` from `dframe`.`__list_view_filter` union select `__list_view_filter`.`id` AS `id`,`__list_view_filter`.`listViewID` AS `listViewID`,`__list_view_filter`.`objectFieldID` AS `objectFieldID`,`__list_view_filter`.`fieldOperator` AS `fieldOperator`,`__list_view_filter`.`value` AS `value`,`__list_view_filter`.`andOr` AS `andOr`,`__list_view_filter`.`modifiedBy` AS `modifiedBy`,`__list_view_filter`.`modifiedAt` AS `modifiedAt`,`__list_view_filter`.`createdAt` AS `createdAt` from `__list_view_filter` */;
/*!50001 SET character_set_client      = @saved_cs_client */;
/*!50001 SET character_set_results     = @saved_cs_results */;
/*!50001 SET collation_connection      = @saved_col_connection */;

--
-- Final view structure for view `__list_view_v`
--

/*!50001 DROP VIEW IF EXISTS `__list_view_v`*/;
/*!50001 SET @saved_cs_client          = @@character_set_client */;
/*!50001 SET @saved_cs_results         = @@character_set_results */;
/*!50001 SET @saved_col_connection     = @@collation_connection */;
/*!50001 SET character_set_client      = utf8mb4 */;
/*!50001 SET character_set_results     = utf8mb4 */;
/*!50001 SET collation_connection      = utf8mb4_0900_ai_ci */;
/*!50001 CREATE ALGORITHM=UNDEFINED */
/*!50013 DEFINER=`root`@`localhost` SQL SECURITY DEFINER */
/*!50001 VIEW `__list_view_v` AS select `dframe`.`__list_view`.`id` AS `id`,`dframe`.`__list_view`.`name` AS `name`,`dframe`.`__list_view`.`objectID` AS `objectID`,`dframe`.`__list_view`.`isSystemUse` AS `isSystemUse`,`dframe`.`__list_view`.`uprObjID` AS `uprObjID`,`dframe`.`__list_view`.`strOrderBy` AS `strOrderBy`,`dframe`.`__list_view`.`seq` AS `seq`,`dframe`.`__list_view`.`modifiedBy` AS `modifiedBy`,`dframe`.`__list_view`.`modifiedAt` AS `modifiedAt`,`dframe`.`__list_view`.`createdAt` AS `createdAt` from `dframe`.`__list_view` union select `__list_view`.`id` AS `id`,`__list_view`.`name` AS `name`,`__list_view`.`objectID` AS `objectID`,`__list_view`.`isSystemUse` AS `isSystemUse`,`__list_view`.`uprObjID` AS `uprObjID`,`__list_view`.`strOrderBy` AS `strOrderBy`,`__list_view`.`seq` AS `seq`,`__list_view`.`modifiedBy` AS `modifiedBy`,`__list_view`.`modifiedAt` AS `modifiedAt`,`__list_view`.`createdAt` AS `createdAt` from `__list_view` */;
/*!50001 SET character_set_client      = @saved_cs_client */;
/*!50001 SET character_set_results     = @saved_cs_results */;
/*!50001 SET collation_connection      = @saved_col_connection */;

--
-- Final view structure for view `__object_field_role_v`
--

/*!50001 DROP VIEW IF EXISTS `__object_field_role_v`*/;
/*!50001 SET @saved_cs_client          = @@character_set_client */;
/*!50001 SET @saved_cs_results         = @@character_set_results */;
/*!50001 SET @saved_col_connection     = @@collation_connection */;
/*!50001 SET character_set_client      = utf8mb4 */;
/*!50001 SET character_set_results     = utf8mb4 */;
/*!50001 SET collation_connection      = utf8mb4_0900_ai_ci */;
/*!50001 CREATE ALGORITHM=UNDEFINED */
/*!50013 DEFINER=`root`@`localhost` SQL SECURITY DEFINER */
/*!50001 VIEW `__object_field_role_v` AS select `sub2`.`fid` AS `fid`,`sub2`.`objectID` AS `objectID`,`sub2`.`fieldNm` AS `fieldNm`,max(`sub2`.`role1`) AS `r1`,max(`sub2`.`role2`) AS `r2`,max(`sub2`.`role3`) AS `r3`,max(`sub2`.`role4`) AS `r4`,max(`sub2`.`role5`) AS `r5`,max(`sub2`.`role6`) AS `r6`,max(`sub2`.`role7`) AS `r7`,max(`sub2`.`role8`) AS `r8`,`sub2`.`CNT` AS `CNT` from (select `sub`.`fid` AS `fid`,`sub`.`objectID` AS `objectID`,`sub`.`fieldNm` AS `fieldNm`,(case when (`sub`.`roleID` = 1) then `sub`.`roleID` else 0 end) AS `role1`,(case when (`sub`.`roleID` = 2) then `sub`.`roleID` else 0 end) AS `role2`,(case when (`sub`.`roleID` = 3) then `sub`.`roleID` else 0 end) AS `role3`,(case when (`sub`.`roleID` = 4) then `sub`.`roleID` else 0 end) AS `role4`,(case when (`sub`.`roleID` = 5) then `sub`.`roleID` else 0 end) AS `role5`,(case when (`sub`.`roleID` = 6) then `sub`.`roleID` else 0 end) AS `role6`,(case when (`sub`.`roleID` = 7) then `sub`.`roleID` else 0 end) AS `role7`,(case when (`sub`.`roleID` = 8) then `sub`.`roleID` else 0 end) AS `role8`,`subcnt`.`CNT` AS `CNT` from ((select `f`.`id` AS `fid`,`f`.`objectID` AS `objectID`,`f`.`title` AS `fieldNm`,`r`.`id` AS `roleID` from (`__object_field_v` `f` join `dframe`.`__role` `r`) where (`f`.`name` not in ('id','modifiedBy','modifiedAt','createdAt'))) `sub` join (select count(`dframe`.`__role`.`id`) AS `CNT` from `dframe`.`__role`) `subcnt`)) `sub2` group by `sub2`.`fid`,`sub2`.`objectID`,`sub2`.`fieldNm`,`sub2`.`CNT` */;
/*!50001 SET character_set_client      = @saved_cs_client */;
/*!50001 SET character_set_results     = @saved_cs_results */;
/*!50001 SET collation_connection      = @saved_col_connection */;

--
-- Final view structure for view `__object_field_rw_list_v`
--

/*!50001 DROP VIEW IF EXISTS `__object_field_rw_list_v`*/;
/*!50001 SET @saved_cs_client          = @@character_set_client */;
/*!50001 SET @saved_cs_results         = @@character_set_results */;
/*!50001 SET @saved_col_connection     = @@collation_connection */;
/*!50001 SET character_set_client      = utf8mb4 */;
/*!50001 SET character_set_results     = utf8mb4 */;
/*!50001 SET collation_connection      = utf8mb4_0900_ai_ci */;
/*!50001 CREATE ALGORITHM=UNDEFINED */
/*!50013 DEFINER=`root`@`localhost` SQL SECURITY DEFINER */
/*!50001 VIEW `__object_field_rw_list_v` AS select distinct (100000 + `f`.`objectID`) AS `searchKey`,`orv`.`objectID` AS `objectID`,`orv`.`fieldNm` AS `entityNm`,`orv`.`objectID` AS `objectID1`,`orv`.`fid` AS `objectFieldID1`,`orv`.`fieldNm` AS `entityNm1`,ifnull(`s1`.`id`,0) AS `id1`,`orv`.`r1` AS `roleID1`,`s1`.`fieldRwID` AS `fieldRwID1`,`orv`.`objectID` AS `objectID2`,`orv`.`fid` AS `objectFieldID2`,`orv`.`fieldNm` AS `entityNm2`,ifnull(`s2`.`id`,0) AS `id2`,`orv`.`r2` AS `roleID2`,`s2`.`fieldRwID` AS `fieldRwID2`,`orv`.`objectID` AS `objectID3`,`orv`.`fid` AS `objectFieldID3`,`orv`.`fieldNm` AS `entityNm3`,ifnull(`s3`.`id`,0) AS `id3`,`orv`.`r3` AS `roleID3`,`s3`.`fieldRwID` AS `fieldRwID3`,`orv`.`objectID` AS `objectID4`,`orv`.`fid` AS `objectFieldID4`,`orv`.`fieldNm` AS `entityNm4`,ifnull(`s4`.`id`,0) AS `id4`,`orv`.`r4` AS `roleID4`,`s4`.`fieldRwID` AS `fieldRwID4`,`orv`.`objectID` AS `objectID5`,`orv`.`fid` AS `objectFieldID5`,`orv`.`fieldNm` AS `entityNm5`,ifnull(`s5`.`id`,0) AS `id5`,`orv`.`r5` AS `roleID5`,`s5`.`fieldRwID` AS `fieldRwID5`,`orv`.`objectID` AS `objectID6`,`orv`.`fid` AS `objectFieldID6`,`orv`.`fieldNm` AS `entityNm6`,ifnull(`s6`.`id`,0) AS `id6`,`orv`.`r6` AS `roleID6`,`s6`.`fieldRwID` AS `fieldRwID6`,`orv`.`objectID` AS `objectID7`,`orv`.`fid` AS `objectFieldID7`,`orv`.`fieldNm` AS `entityNm7`,ifnull(`s7`.`id`,0) AS `id7`,`orv`.`r7` AS `roleID7`,`s7`.`fieldRwID` AS `fieldRwID7`,`orv`.`objectID` AS `objectID8`,`orv`.`fid` AS `objectFieldID8`,`orv`.`fieldNm` AS `entityNm8`,ifnull(`s8`.`id`,0) AS `id8`,`orv`.`r8` AS `roleID8`,`s8`.`fieldRwID` AS `fieldRwID8`,`orv`.`CNT` AS `CNT` from ((((((((((`__object_field_role_v` `orv` join `__object_field` `f` on((`f`.`id` = `orv`.`fid`))) join `__object` `o` on((`o`.`id` = `f`.`objectID`))) left join `__object_field_rw_v` `s1` on(((`s1`.`objectFieldID` = `orv`.`fid`) and (`s1`.`roleID` = `orv`.`r1`)))) left join `__object_field_rw_v` `s2` on(((`s2`.`objectFieldID` = `orv`.`fid`) and (`s2`.`roleID` = `orv`.`r2`)))) left join `__object_field_rw_v` `s3` on(((`s3`.`objectFieldID` = `orv`.`fid`) and (`s3`.`roleID` = `orv`.`r3`)))) left join `__object_field_rw_v` `s4` on(((`s4`.`objectFieldID` = `orv`.`fid`) and (`s4`.`roleID` = `orv`.`r4`)))) left join `__object_field_rw_v` `s5` on(((`s5`.`objectFieldID` = `orv`.`fid`) and (`s5`.`roleID` = `orv`.`r5`)))) left join `__object_field_rw_v` `s6` on(((`s6`.`objectFieldID` = `orv`.`fid`) and (`s6`.`roleID` = `orv`.`r6`)))) left join `__object_field_rw_v` `s7` on(((`s7`.`objectFieldID` = `orv`.`fid`) and (`s7`.`roleID` = `orv`.`r7`)))) left join `__object_field_rw_v` `s8` on(((`s8`.`objectFieldID` = `orv`.`fid`) and (`s8`.`roleID` = `orv`.`r8`)))) order by `orv`.`objectID` */;
/*!50001 SET character_set_client      = @saved_cs_client */;
/*!50001 SET character_set_results     = @saved_cs_results */;
/*!50001 SET collation_connection      = @saved_col_connection */;

--
-- Final view structure for view `__object_field_rw_v`
--

/*!50001 DROP VIEW IF EXISTS `__object_field_rw_v`*/;
/*!50001 SET @saved_cs_client          = @@character_set_client */;
/*!50001 SET @saved_cs_results         = @@character_set_results */;
/*!50001 SET @saved_col_connection     = @@collation_connection */;
/*!50001 SET character_set_client      = utf8mb4 */;
/*!50001 SET character_set_results     = utf8mb4 */;
/*!50001 SET collation_connection      = utf8mb4_0900_ai_ci */;
/*!50001 CREATE ALGORITHM=UNDEFINED */
/*!50013 DEFINER=`root`@`localhost` SQL SECURITY DEFINER */
/*!50001 VIEW `__object_field_rw_v` AS select `dframe`.`__object_field_rw`.`id` AS `id`,`dframe`.`__object_field_rw`.`objectFieldID` AS `objectFieldID`,`dframe`.`__object_field_rw`.`roleID` AS `roleID`,`dframe`.`__object_field_rw`.`fieldRwID` AS `fieldRwID`,(case when (`dframe`.`__object_field_rw`.`fieldRwID` = 0) then 0 else 1 end) AS `isVisible`,(case when (`dframe`.`__object_field_rw`.`fieldRwID` = 1) then 1 else 0 end) AS `isReadOnly`,`dframe`.`__object_field_rw`.`modifiedBy` AS `modifiedBy`,`dframe`.`__object_field_rw`.`modifiedAt` AS `modifiedAt`,`dframe`.`__object_field_rw`.`createdAt` AS `createdAt` from `dframe`.`__object_field_rw` union select `rw`.`id` AS `id`,`rw`.`objectFieldID` AS `objectFieldID`,`rw`.`roleID` AS `roleID`,`rw`.`fieldRwID` AS `fieldRwID`,(case when (`rw`.`fieldRwID` = 0) then 0 else 1 end) AS `isVisible`,(case when (`rw`.`fieldRwID` = 2) then 0 else 1 end) AS `isReadOnly`,`rw`.`modifiedBy` AS `modifiedBy`,`rw`.`modifiedAt` AS `modifiedAt`,`rw`.`createdAt` AS `createdAt` from (`__object_field_rw` `rw` join `__object_field` `f` on((`f`.`id` = `rw`.`objectFieldID`))) */;
/*!50001 SET character_set_client      = @saved_cs_client */;
/*!50001 SET character_set_results     = @saved_cs_results */;
/*!50001 SET collation_connection      = @saved_col_connection */;

--
-- Final view structure for view `__object_field_v`
--

/*!50001 DROP VIEW IF EXISTS `__object_field_v`*/;
/*!50001 SET @saved_cs_client          = @@character_set_client */;
/*!50001 SET @saved_cs_results         = @@character_set_results */;
/*!50001 SET @saved_col_connection     = @@collation_connection */;
/*!50001 SET character_set_client      = utf8mb4 */;
/*!50001 SET character_set_results     = utf8mb4 */;
/*!50001 SET collation_connection      = utf8mb4_0900_ai_ci */;
/*!50001 CREATE ALGORITHM=UNDEFINED */
/*!50013 DEFINER=`root`@`localhost` SQL SECURITY DEFINER */
/*!50001 VIEW `__object_field_v` AS select `dframe`.`__object_field`.`id` AS `id`,`dframe`.`__object_field`.`objectID` AS `objectID`,`dframe`.`__object_field`.`name` AS `name`,`dframe`.`__object_field`.`title` AS `title`,`dframe`.`__object_field`.`dataType` AS `dataType`,`dframe`.`__object_field`.`dataLength` AS `dataLength`,`dframe`.`__object_field`.`NumOfLines` AS `NumOfLines`,`dframe`.`__object_field`.`width` AS `width`,`dframe`.`__object_field`.`height` AS `height`,`dframe`.`__object_field`.`slctStyle` AS `slctStyle`,`dframe`.`__object_field`.`defaultExpression` AS `defaultExpression`,`dframe`.`__object_field`.`derivedTerm` AS `derivedTerm`,`dframe`.`__object_field`.`steppedTerm` AS `steppedTerm`,`dframe`.`__object_field`.`isNotNull` AS `isNotNull`,`dframe`.`__object_field`.`baseTable` AS `baseTable`,`dframe`.`__object_field`.`cmbDataSource_void` AS `cmbDataSource_void`,`dframe`.`__object_field`.`cmbStrainObjNm` AS `cmbStrainObjNm`,`dframe`.`__object_field`.`cmbKeyFldNm` AS `cmbKeyFldNm`,`dframe`.`__object_field`.`foreignObjectID` AS `foreignObjectID`,`dframe`.`__object_field`.`foreignKeyFldNm` AS `foreignKeyFldNm`,`dframe`.`__object_field`.`isMultiSelect` AS `isMultiSelect`,`dframe`.`__object_field`.`isMasterObject` AS `isMasterObject`,`dframe`.`__object_field`.`isBulkSearchField` AS `isBulkSearchField`,`dframe`.`__object_field`.`description` AS `description`,`dframe`.`__object_field`.`accessibility` AS `accessibility`,`dframe`.`__object_field`.`seq` AS `seq`,`dframe`.`__object_field`.`seq_order_by` AS `seq_order_by`,`dframe`.`__object_field`.`modifiedBy` AS `modifiedBy`,`dframe`.`__object_field`.`modifiedAt` AS `modifiedAt`,`dframe`.`__object_field`.`createdAt` AS `createdAt` from `dframe`.`__object_field` union select `__object_field`.`id` AS `id`,`__object_field`.`objectID` AS `objectID`,`__object_field`.`name` AS `name`,`__object_field`.`title` AS `title`,`__object_field`.`dataType` AS `dataType`,`__object_field`.`dataLength` AS `dataLength`,`__object_field`.`NumOfLines` AS `NumOfLines`,`__object_field`.`width` AS `width`,`__object_field`.`height` AS `height`,`__object_field`.`slctStyle` AS `slctStyle`,`__object_field`.`defaultExpression` AS `defaultExpression`,`__object_field`.`derivedTerm` AS `derivedTerm`,`__object_field`.`steppedTerm` AS `steppedTerm`,`__object_field`.`isNotNull` AS `isNotNull`,`__object_field`.`baseTable` AS `baseTable`,`__object_field`.`cmbDataSource_void` AS `cmbDataSource_void`,`__object_field`.`cmbStrainObjNm` AS `cmbStrainObjNm`,`__object_field`.`cmbKeyFldNm` AS `cmbKeyFldNm`,`__object_field`.`foreignObjectID` AS `foreignObjectID`,`__object_field`.`foreignKeyFldNm` AS `foreignKeyFldNm`,`__object_field`.`isMultiSelect` AS `isMultiSelect`,`__object_field`.`isMasterObject` AS `isMasterObject`,`__object_field`.`isBulkSearchField` AS `isBulkSearchField`,`__object_field`.`description` AS `description`,`__object_field`.`accessibility` AS `accessibility`,`__object_field`.`seq` AS `seq`,`__object_field`.`seq_order_by` AS `seq_order_by`,`__object_field`.`modifiedBy` AS `modifiedBy`,`__object_field`.`modifiedAt` AS `modifiedAt`,`__object_field`.`createdAt` AS `createdAt` from `__object_field` */;
/*!50001 SET character_set_client      = @saved_cs_client */;
/*!50001 SET character_set_results     = @saved_cs_results */;
/*!50001 SET collation_connection      = @saved_col_connection */;

--
-- Final view structure for view `__object_role_v`
--

/*!50001 DROP VIEW IF EXISTS `__object_role_v`*/;
/*!50001 SET @saved_cs_client          = @@character_set_client */;
/*!50001 SET @saved_cs_results         = @@character_set_results */;
/*!50001 SET @saved_col_connection     = @@collation_connection */;
/*!50001 SET character_set_client      = utf8mb4 */;
/*!50001 SET character_set_results     = utf8mb4 */;
/*!50001 SET collation_connection      = utf8mb4_0900_ai_ci */;
/*!50001 CREATE ALGORITHM=UNDEFINED */
/*!50013 DEFINER=`root`@`localhost` SQL SECURITY DEFINER */
/*!50001 VIEW `__object_role_v` AS select `sub2`.`objectID` AS `objectID`,`sub2`.`entityNm` AS `entityNm`,max(`sub2`.`role1`) AS `r1`,max(`sub2`.`role2`) AS `r2`,max(`sub2`.`role3`) AS `r3`,max(`sub2`.`role4`) AS `r4`,max(`sub2`.`role5`) AS `r5`,max(`sub2`.`role6`) AS `r6`,max(`sub2`.`role7`) AS `r7`,max(`sub2`.`role8`) AS `r8`,`sub2`.`CNT` AS `CNT` from (select `sub`.`objectID` AS `objectID`,`sub`.`entityNm` AS `entityNm`,`sub`.`seq` AS `seq`,(case when (`sub`.`roleID` = 1) then `sub`.`roleID` else 0 end) AS `role1`,(case when (`sub`.`roleID` = 2) then `sub`.`roleID` else 0 end) AS `role2`,(case when (`sub`.`roleID` = 3) then `sub`.`roleID` else 0 end) AS `role3`,(case when (`sub`.`roleID` = 4) then `sub`.`roleID` else 0 end) AS `role4`,(case when (`sub`.`roleID` = 5) then `sub`.`roleID` else 0 end) AS `role5`,(case when (`sub`.`roleID` = 6) then `sub`.`roleID` else 0 end) AS `role6`,(case when (`sub`.`roleID` = 7) then `sub`.`roleID` else 0 end) AS `role7`,(case when (`sub`.`roleID` = 8) then `sub`.`roleID` else 0 end) AS `role8`,`subcnt`.`CNT` AS `CNT` from ((select `o`.`id` AS `objectID`,`o`.`title` AS `entityNm`,`r`.`id` AS `roleID`,`o`.`seq` AS `seq` from (`__object_v` `o` join `dframe`.`__role` `r`) where (`o`.`runningType` = 0) order by `o`.`runningType`,`o`.`seq`) `sub` join (select count(`dframe`.`__role`.`id`) AS `CNT` from `dframe`.`__role`) `subcnt`)) `sub2` group by `sub2`.`objectID`,`sub2`.`entityNm`,`sub2`.`seq`,`sub2`.`CNT` order by `sub2`.`seq` */;
/*!50001 SET character_set_client      = @saved_cs_client */;
/*!50001 SET character_set_results     = @saved_cs_results */;
/*!50001 SET collation_connection      = @saved_col_connection */;

--
-- Final view structure for view `__object_security_list_v`
--

/*!50001 DROP VIEW IF EXISTS `__object_security_list_v`*/;
/*!50001 SET @saved_cs_client          = @@character_set_client */;
/*!50001 SET @saved_cs_results         = @@character_set_results */;
/*!50001 SET @saved_col_connection     = @@collation_connection */;
/*!50001 SET character_set_client      = utf8mb4 */;
/*!50001 SET character_set_results     = utf8mb4 */;
/*!50001 SET collation_connection      = utf8mb4_0900_ai_ci */;
/*!50001 CREATE ALGORITHM=UNDEFINED */
/*!50013 DEFINER=`root`@`localhost` SQL SECURITY DEFINER */
/*!50001 VIEW `__object_security_list_v` AS select distinct 100000 AS `searchKey`,`orv`.`objectID` AS `objectID`,`orv`.`entityNm` AS `entityNm`,`orv`.`objectID` AS `objectID1`,`orv`.`entityNm` AS `entityNm1`,ifnull(`s1`.`id`,0) AS `id1`,`orv`.`r1` AS `roleID1`,`s1`.`isAccessible` AS `isAccessible1`,`orv`.`objectID` AS `objectID2`,`orv`.`entityNm` AS `entityNm2`,ifnull(`s2`.`id`,0) AS `id2`,`orv`.`r2` AS `roleID2`,`s2`.`isAccessible` AS `isAccessible2`,`orv`.`objectID` AS `objectID3`,`orv`.`entityNm` AS `entityNm3`,ifnull(`s3`.`id`,0) AS `id3`,`orv`.`r3` AS `roleID3`,`s3`.`isAccessible` AS `isAccessible3`,`orv`.`objectID` AS `objectID4`,`orv`.`entityNm` AS `entityNm4`,ifnull(`s4`.`id`,0) AS `id4`,`orv`.`r4` AS `roleID4`,`s4`.`isAccessible` AS `isAccessible4`,`orv`.`objectID` AS `objectID5`,`orv`.`entityNm` AS `entityNm5`,ifnull(`s5`.`id`,0) AS `id5`,`orv`.`r5` AS `roleID5`,`s5`.`isAccessible` AS `isAccessible5`,`orv`.`entityNm` AS `entityNm6`,`orv`.`objectID` AS `objectID6`,ifnull(`s6`.`id`,0) AS `id6`,`orv`.`r6` AS `roleID6`,`s6`.`isAccessible` AS `isAccessible6`,`orv`.`objectID` AS `objectID7`,`orv`.`entityNm` AS `entityNm7`,ifnull(`s7`.`id`,0) AS `id7`,`orv`.`r7` AS `roleID7`,`s7`.`isAccessible` AS `isAccessible7`,`orv`.`objectID` AS `objectID8`,`orv`.`entityNm` AS `entityNm8`,ifnull(`s8`.`id`,0) AS `id8`,`orv`.`r8` AS `roleID8`,`s8`.`isAccessible` AS `isAccessible8`,`orv`.`CNT` AS `CNT` from (((((((((`__object_role_v` `orv` join `__object_v` `o` on((`o`.`id` = `orv`.`objectID`))) left join `__object_security_v` `s1` on(((`s1`.`objectID` = `orv`.`objectID`) and (`s1`.`roleID` = `orv`.`r1`)))) left join `__object_security_v` `s2` on(((`s2`.`objectID` = `orv`.`objectID`) and (`s2`.`roleID` = `orv`.`r2`)))) left join `__object_security_v` `s3` on(((`s3`.`objectID` = `orv`.`objectID`) and (`s3`.`roleID` = `orv`.`r3`)))) left join `__object_security_v` `s4` on(((`s4`.`objectID` = `orv`.`objectID`) and (`s4`.`roleID` = `orv`.`r4`)))) left join `__object_security_v` `s5` on(((`s5`.`objectID` = `orv`.`objectID`) and (`s5`.`roleID` = `orv`.`r5`)))) left join `__object_security_v` `s6` on(((`s6`.`objectID` = `orv`.`objectID`) and (`s6`.`roleID` = `orv`.`r6`)))) left join `__object_security_v` `s7` on(((`s7`.`objectID` = `orv`.`objectID`) and (`s7`.`roleID` = `orv`.`r7`)))) left join `__object_security_v` `s8` on(((`s8`.`objectID` = `orv`.`objectID`) and (`s8`.`roleID` = `orv`.`r8`)))) order by `orv`.`objectID` */;
/*!50001 SET character_set_client      = @saved_cs_client */;
/*!50001 SET character_set_results     = @saved_cs_results */;
/*!50001 SET collation_connection      = @saved_col_connection */;

--
-- Final view structure for view `__object_security_v`
--

/*!50001 DROP VIEW IF EXISTS `__object_security_v`*/;
/*!50001 SET @saved_cs_client          = @@character_set_client */;
/*!50001 SET @saved_cs_results         = @@character_set_results */;
/*!50001 SET @saved_col_connection     = @@collation_connection */;
/*!50001 SET character_set_client      = utf8mb4 */;
/*!50001 SET character_set_results     = utf8mb4 */;
/*!50001 SET collation_connection      = utf8mb4_0900_ai_ci */;
/*!50001 CREATE ALGORITHM=UNDEFINED */
/*!50013 DEFINER=`root`@`localhost` SQL SECURITY DEFINER */
/*!50001 VIEW `__object_security_v` AS select `dframe`.`__object_security`.`id` AS `id`,`dframe`.`__object_security`.`objectID` AS `objectID`,`dframe`.`__object_security`.`roleID` AS `roleID`,`dframe`.`__object_security`.`isAccessible` AS `isAccessible`,`dframe`.`__object_security`.`modifiedBy` AS `modifiedBy`,`dframe`.`__object_security`.`modifiedAt` AS `modifiedAt`,`dframe`.`__object_security`.`createdAt` AS `createdAt` from `dframe`.`__object_security` union select `__object_security`.`id` AS `id`,`__object_security`.`objectID` AS `objectID`,`__object_security`.`roleID` AS `roleID`,`__object_security`.`isAccessible` AS `isAccessible`,`__object_security`.`modifiedBy` AS `modifiedBy`,`__object_security`.`modifiedAt` AS `modifiedAt`,`__object_security`.`createdAt` AS `createdAt` from `__object_security` */;
/*!50001 SET character_set_client      = @saved_cs_client */;
/*!50001 SET character_set_results     = @saved_cs_results */;
/*!50001 SET collation_connection      = @saved_col_connection */;

--
-- Final view structure for view `__object_v`
--

/*!50001 DROP VIEW IF EXISTS `__object_v`*/;
/*!50001 SET @saved_cs_client          = @@character_set_client */;
/*!50001 SET @saved_cs_results         = @@character_set_results */;
/*!50001 SET @saved_col_connection     = @@collation_connection */;
/*!50001 SET character_set_client      = utf8mb4 */;
/*!50001 SET character_set_results     = utf8mb4 */;
/*!50001 SET collation_connection      = utf8mb4_0900_ai_ci */;
/*!50001 CREATE ALGORITHM=UNDEFINED */
/*!50013 DEFINER=`root`@`localhost` SQL SECURITY DEFINER */
/*!50001 VIEW `__object_v` AS select `dframe`.`__object`.`id` AS `id`,`dframe`.`__object`.`name` AS `name`,ifnull(`dic`.`toString`,`dframe`.`__object`.`title`) AS `title`,`dframe`.`__object`.`dbName` AS `dbName`,`dframe`.`__object`.`runningType` AS `runningType`,`dframe`.`__object`.`searchFieldNm` AS `searchFieldNm`,`dframe`.`__object`.`masterObjectID` AS `masterObjectID`,`dframe`.`__object`.`bulkSourceObjectID` AS `bulkSourceObjectID`,`dframe`.`__object`.`drillDownObjectID_void` AS `drillDownObjectID_void`,`dframe`.`__object`.`drillDownFieldNm_void` AS `drillDownFieldNm_void`,`dframe`.`__object`.`triggerNm` AS `triggerNm`,`dframe`.`__object`.`descriptions` AS `descriptions`,`dframe`.`__object`.`accessibility` AS `accessibility`,`dframe`.`__object`.`defaultViewID` AS `defaultViewID`,`dframe`.`__object`.`seq` AS `seq`,`dframe`.`__object`.`modifiedBy` AS `modifiedBy`,`dframe`.`__object`.`modifiedAt` AS `modifiedAt`,`dframe`.`__object`.`createdAt` AS `createdAt` from (`dframe`.`__object` left join (select `cd`.`toString` AS `toString`,`cd`.`ordinaryWord` AS `ordinaryWord` from (`dframe`.`__caption_dic` `cd` join `__systemini` `si` on((`si`.`language` = `cd`.`language`)))) `dic` on((`dframe`.`__object`.`title` = `dic`.`ordinaryWord`))) union select `__object`.`id` AS `id`,`__object`.`name` AS `name`,`__object`.`title` AS `title`,`__object`.`dbName` AS `dbName`,`__object`.`runningType` AS `runningType`,`__object`.`searchFieldNm` AS `searchFieldNm`,`__object`.`masterObjectID` AS `masterObjectID`,`__object`.`bulkSourceObjectID` AS `bulkSourceObjectID`,`__object`.`drillDownObjectID_void` AS `drillDownObjectID_void`,`__object`.`drillDownFieldNm_void` AS `drillDownFieldNm_void`,`__object`.`triggerNm` AS `triggerNm`,`__object`.`descriptions` AS `descriptions`,`__object`.`accessibility` AS `accessibility`,`__object`.`defaultViewID` AS `defaultViewID`,`__object`.`seq` AS `seq`,`__object`.`modifiedBy` AS `modifiedBy`,`__object`.`modifiedAt` AS `modifiedAt`,`__object`.`createdAt` AS `createdAt` from `__object` */;
/*!50001 SET character_set_client      = @saved_cs_client */;
/*!50001 SET character_set_results     = @saved_cs_results */;
/*!50001 SET collation_connection      = @saved_col_connection */;

--
-- Final view structure for view `__report_schema_v`
--

/*!50001 DROP VIEW IF EXISTS `__report_schema_v`*/;
/*!50001 SET @saved_cs_client          = @@character_set_client */;
/*!50001 SET @saved_cs_results         = @@character_set_results */;
/*!50001 SET @saved_col_connection     = @@collation_connection */;
/*!50001 SET character_set_client      = utf8mb4 */;
/*!50001 SET character_set_results     = utf8mb4 */;
/*!50001 SET collation_connection      = utf8mb4_0900_ai_ci */;
/*!50001 CREATE ALGORITHM=UNDEFINED */
/*!50013 DEFINER=`root`@`localhost` SQL SECURITY DEFINER */
/*!50001 VIEW `__report_schema_v` AS select `dframe`.`__report_schema`.`id` AS `id`,`dframe`.`__report_schema`.`reportID` AS `reportID`,`dframe`.`__report_schema`.`type` AS `type`,`dframe`.`__report_schema`.`align` AS `align`,`dframe`.`__report_schema`.`v_align` AS `v_align`,`dframe`.`__report_schema`.`border` AS `border`,`dframe`.`__report_schema`.`width_1stCol` AS `width_1stCol`,`dframe`.`__report_schema`.`width_2ndCol` AS `width_2ndCol`,`dframe`.`__report_schema`.`width_midCol` AS `width_midCol`,`dframe`.`__report_schema`.`width_1stTailCol` AS `width_1stTailCol`,`dframe`.`__report_schema`.`width_2ndTailCol` AS `width_2ndTailCol`,`dframe`.`__report_schema`.`height` AS `height`,`dframe`.`__report_schema`.`fontSize` AS `fontSize`,`dframe`.`__report_schema`.`sourceData` AS `sourceData`,`dframe`.`__report_schema`.`numOfCols` AS `numOfCols`,`dframe`.`__report_schema`.`numOfRows` AS `numOfRows`,`dframe`.`__report_schema`.`isHeaderReq` AS `isHeaderReq`,`dframe`.`__report_schema`.`modifiedBy` AS `modifiedBy`,`dframe`.`__report_schema`.`modifiedAt` AS `modifiedAt`,`dframe`.`__report_schema`.`createdAt` AS `createdAt` from `dframe`.`__report_schema` union select `__report_schema`.`id` AS `id`,`__report_schema`.`reportID` AS `reportID`,`__report_schema`.`type` AS `type`,`__report_schema`.`align` AS `align`,`__report_schema`.`v_align` AS `v_align`,`__report_schema`.`border` AS `border`,`__report_schema`.`width_1stCol` AS `width_1stCol`,`__report_schema`.`width_2ndCol` AS `width_2ndCol`,`__report_schema`.`width_midCol` AS `width_midCol`,`__report_schema`.`width_1stTailCol` AS `width_1stTailCol`,`__report_schema`.`width_2ndTailCol` AS `width_2ndTailCol`,`__report_schema`.`height` AS `height`,`__report_schema`.`fontSize` AS `fontSize`,`__report_schema`.`sourceData` AS `sourceData`,`__report_schema`.`numOfCols` AS `numOfCols`,`__report_schema`.`numOfRows` AS `numOfRows`,`__report_schema`.`isHeaderReq` AS `isHeaderReq`,`__report_schema`.`modifiedBy` AS `modifiedBy`,`__report_schema`.`modifiedAt` AS `modifiedAt`,`__report_schema`.`createdAt` AS `createdAt` from `__report_schema` */;
/*!50001 SET character_set_client      = @saved_cs_client */;
/*!50001 SET character_set_results     = @saved_cs_results */;
/*!50001 SET collation_connection      = @saved_col_connection */;

--
-- Final view structure for view `__report_scope_v`
--

/*!50001 DROP VIEW IF EXISTS `__report_scope_v`*/;
/*!50001 SET @saved_cs_client          = @@character_set_client */;
/*!50001 SET @saved_cs_results         = @@character_set_results */;
/*!50001 SET @saved_col_connection     = @@collation_connection */;
/*!50001 SET character_set_client      = utf8mb4 */;
/*!50001 SET character_set_results     = utf8mb4 */;
/*!50001 SET collation_connection      = utf8mb4_0900_ai_ci */;
/*!50001 CREATE ALGORITHM=UNDEFINED */
/*!50013 DEFINER=`root`@`localhost` SQL SECURITY DEFINER */
/*!50001 VIEW `__report_scope_v` AS select `dframe`.`__report_scope`.`id` AS `id`,`dframe`.`__report_scope`.`reportID` AS `reportID`,`dframe`.`__report_scope`.`caption` AS `caption`,`dframe`.`__report_scope`.`scope` AS `scope`,`dframe`.`__report_scope`.`seq` AS `seq`,`dframe`.`__report_scope`.`modifiedBy` AS `modifiedBy`,`dframe`.`__report_scope`.`modifiedAt` AS `modifiedAt`,`dframe`.`__report_scope`.`createdAt` AS `createdAt` from `dframe`.`__report_scope` union select `__report_scope`.`id` AS `id`,`__report_scope`.`reportID` AS `reportID`,`__report_scope`.`caption` AS `caption`,`__report_scope`.`scope` AS `scope`,`__report_scope`.`seq` AS `seq`,`__report_scope`.`modifiedBy` AS `modifiedBy`,`__report_scope`.`modifiedAt` AS `modifiedAt`,`__report_scope`.`createdAt` AS `createdAt` from `__report_scope` */;
/*!50001 SET character_set_client      = @saved_cs_client */;
/*!50001 SET character_set_results     = @saved_cs_results */;
/*!50001 SET collation_connection      = @saved_col_connection */;

--
-- Final view structure for view `__report_v`
--

/*!50001 DROP VIEW IF EXISTS `__report_v`*/;
/*!50001 SET @saved_cs_client          = @@character_set_client */;
/*!50001 SET @saved_cs_results         = @@character_set_results */;
/*!50001 SET @saved_col_connection     = @@collation_connection */;
/*!50001 SET character_set_client      = utf8mb4 */;
/*!50001 SET character_set_results     = utf8mb4 */;
/*!50001 SET collation_connection      = utf8mb4_0900_ai_ci */;
/*!50001 CREATE ALGORITHM=UNDEFINED */
/*!50013 DEFINER=`root`@`localhost` SQL SECURITY DEFINER */
/*!50001 VIEW `__report_v` AS select `dframe`.`__report`.`id` AS `id`,`dframe`.`__report`.`name` AS `name`,`dframe`.`__report`.`title` AS `title`,`dframe`.`__report`.`objectID` AS `objectID`,`dframe`.`__report`.`recordTypeID` AS `recordTypeID`,`dframe`.`__report`.`pageSize` AS `pageSize`,`dframe`.`__report`.`orientation` AS `orientation`,`dframe`.`__report`.`foreignKeyFieldID` AS `foreignKeyFieldID`,`dframe`.`__report`.`scopeRelFieldID` AS `scopeRelFieldID`,`dframe`.`__report`.`modifiedBy` AS `modifiedBy`,`dframe`.`__report`.`modifiedAt` AS `modifiedAt`,`dframe`.`__report`.`createdAt` AS `createdAt` from `dframe`.`__report` union select `__report`.`id` AS `id`,`__report`.`name` AS `name`,`__report`.`title` AS `title`,`__report`.`objectID` AS `objectID`,`__report`.`recordTypeID` AS `recordTypeID`,`__report`.`pageSize` AS `pageSize`,`__report`.`orientation` AS `orientation`,`__report`.`foreignKeyFieldID` AS `foreignKeyFieldID`,`__report`.`scopeRelFieldID` AS `scopeRelFieldID`,`__report`.`modifiedBy` AS `modifiedBy`,`__report`.`modifiedAt` AS `modifiedAt`,`__report`.`createdAt` AS `createdAt` from `__report` */;
/*!50001 SET character_set_client      = @saved_cs_client */;
/*!50001 SET character_set_results     = @saved_cs_results */;
/*!50001 SET collation_connection      = @saved_col_connection */;

--
-- Final view structure for view `__trigger_v`
--

/*!50001 DROP VIEW IF EXISTS `__trigger_v`*/;
/*!50001 SET @saved_cs_client          = @@character_set_client */;
/*!50001 SET @saved_cs_results         = @@character_set_results */;
/*!50001 SET @saved_col_connection     = @@collation_connection */;
/*!50001 SET character_set_client      = utf8mb4 */;
/*!50001 SET character_set_results     = utf8mb4 */;
/*!50001 SET collation_connection      = utf8mb4_0900_ai_ci */;
/*!50001 CREATE ALGORITHM=UNDEFINED */
/*!50013 DEFINER=`root`@`localhost` SQL SECURITY DEFINER */
/*!50001 VIEW `__trigger_v` AS select `dframe`.`__trigger`.`id` AS `id`,`dframe`.`__trigger`.`objectID` AS `objectID`,`dframe`.`__trigger`.`name` AS `name`,`dframe`.`__trigger`.`type` AS `type`,`dframe`.`__trigger`.`sqls` AS `sqls`,`dframe`.`__trigger`.`modifiedBy` AS `modifiedBy`,`dframe`.`__trigger`.`modifiedAt` AS `modifiedAt`,`dframe`.`__trigger`.`createdAt` AS `createdAt` from `dframe`.`__trigger` union select `__trigger`.`id` AS `id`,`__trigger`.`objectID` AS `objectID`,`__trigger`.`name` AS `name`,`__trigger`.`type` AS `type`,`__trigger`.`sqls` AS `sqls`,`__trigger`.`modifiedBy` AS `modifiedBy`,`__trigger`.`modifiedAt` AS `modifiedAt`,`__trigger`.`createdAt` AS `createdAt` from `__trigger` */;
/*!50001 SET character_set_client      = @saved_cs_client */;
/*!50001 SET character_set_results     = @saved_cs_results */;
/*!50001 SET collation_connection      = @saved_col_connection */;

--
-- Final view structure for view `__viewdata_v`
--

/*!50001 DROP VIEW IF EXISTS `__viewdata_v`*/;
/*!50001 SET @saved_cs_client          = @@character_set_client */;
/*!50001 SET @saved_cs_results         = @@character_set_results */;
/*!50001 SET @saved_col_connection     = @@collation_connection */;
/*!50001 SET character_set_client      = utf8mb4 */;
/*!50001 SET character_set_results     = utf8mb4 */;
/*!50001 SET collation_connection      = utf8mb4_0900_ai_ci */;
/*!50001 CREATE ALGORITHM=UNDEFINED */
/*!50013 DEFINER=`root`@`localhost` SQL SECURITY DEFINER */
/*!50001 VIEW `__viewdata_v` AS select distinct `v`.`id` AS `viewID`,(case when (`o`.`id` in (1,2,3,5,8,9,10,11,14,15)) then concat(`o`.`name`,'_v') when (`o`.`id` = 4) then concat('dframe.',`o`.`name`) else `o`.`name` end) AS `fObjNm`,`vf`.`fieldOperator` AS `fieldOperator`,`vf`.`value` AS `value`,`vf`.`andOr` AS `andOr`,`f`.`name` AS `name`,`f`.`dataType` AS `dataType`,(case when (`do`.`name` > '') then concat(`do`.`name`,'_',`f`.`derivedTerm`,'.',`f`.`derivedTerm`) else `f`.`derivedTerm` end) AS `derivedTerm`,`vf`.`id` AS `id` from ((((`__list_view_v` `v` join `__list_view_filter_v` `vf` on((`v`.`id` = `vf`.`listViewID`))) join `__object_field_v` `f` on((`f`.`id` = `vf`.`objectFieldID`))) join `__object_v` `o` on((`o`.`id` = `v`.`objectID`))) left join `__object_v` `do` on((`do`.`id` = `f`.`foreignObjectID`))) order by `v`.`id`,`vf`.`id` */;
/*!50001 SET character_set_client      = @saved_cs_client */;
/*!50001 SET character_set_results     = @saved_cs_results */;
/*!50001 SET collation_connection      = @saved_col_connection */;

--
-- Final view structure for view `invtcur_v`
--

/*!50001 DROP VIEW IF EXISTS `invtcur_v`*/;
/*!50001 SET @saved_cs_client          = @@character_set_client */;
/*!50001 SET @saved_cs_results         = @@character_set_results */;
/*!50001 SET @saved_col_connection     = @@collation_connection */;
/*!50001 SET character_set_client      = utf8mb4 */;
/*!50001 SET character_set_results     = utf8mb4 */;
/*!50001 SET collation_connection      = utf8mb4_0900_ai_ci */;
/*!50001 CREATE ALGORITHM=UNDEFINED */
/*!50013 DEFINER=`root`@`localhost` SQL SECURITY DEFINER */
/*!50001 VIEW `invtcur_v` AS select `sum`.`product` AS `product`,sum(`sum`.`quantity_arv`) AS `quantity_arv`,sum(`sum`.`quantity_shp`) AS `quantity_shp`,sum((`sum`.`quantity_arv` - `sum`.`quantity_shp`)) AS `quantity` from (select `inventory`.`arrival`.`product` AS `product`,sum(`inventory`.`arrival`.`quantity`) AS `quantity_arv`,0 AS `quantity_shp` from `inventory`.`arrival` where (`inventory`.`arrival`.`date` < curdate()) group by `inventory`.`arrival`.`product` union select `inventory`.`shipping`.`product` AS `product`,0 AS `quantity_arv`,sum(`inventory`.`shipping`.`quantity`) AS `quantity_shp` from `inventory`.`shipping` where (`inventory`.`shipping`.`date` < curdate()) group by `inventory`.`shipping`.`product`) `sum` group by `sum`.`product` */;
/*!50001 SET character_set_client      = @saved_cs_client */;
/*!50001 SET character_set_results     = @saved_cs_results */;
/*!50001 SET collation_connection      = @saved_col_connection */;
/*!40103 SET TIME_ZONE=@OLD_TIME_ZONE */;

/*!40101 SET SQL_MODE=@OLD_SQL_MODE */;
/*!40014 SET FOREIGN_KEY_CHECKS=@OLD_FOREIGN_KEY_CHECKS */;
/*!40014 SET UNIQUE_CHECKS=@OLD_UNIQUE_CHECKS */;
/*!40101 SET CHARACTER_SET_CLIENT=@OLD_CHARACTER_SET_CLIENT */;
/*!40101 SET CHARACTER_SET_RESULTS=@OLD_CHARACTER_SET_RESULTS */;
/*!40101 SET COLLATION_CONNECTION=@OLD_COLLATION_CONNECTION */;
/*!40111 SET SQL_NOTES=@OLD_SQL_NOTES */;

-- Dump completed on 2025-07-01 15:59:32
